{
  "books": [
    {
      "item": "enchiridion:book",
      "handlerType": "enchiridion",
      "matchDamage": true,
      "matchNBT": false
    },
    {
      "item": "minecraft:writable_book",
      "handlerType": "writeable",
      "matchDamage": false,
      "matchNBT": false
    },
    {
      "item": "actuallyadditions:itemBooklet",
      "handlerType": "rightclick",
      "matchDamage": false,
      "matchNBT": false
    },
	{
      "item": "xnet:xnet_manual",
      "handlerType": "rightclick",
      "matchDamage": false,
      "matchNBT": false
    },
	{
	"item": "hardcorequesting:quest_book",
      "handlerType": "rightclick",
      "matchDamage": false,
      "matchNBT": false
    },
	{
	"item": "woot:manual",
      "handlerType": "rightclick",
      "matchDamage": false,
      "matchNBT": false
    },
	{
	"item": "rftoolscontrol:rftoolscontrol_manual",
      "handlerType": "rightclick",
      "matchDamage": false,
      "matchNBT": false
    },
	{
	"item": "woot:manual",
      "handlerType": "rightclick",
      "matchDamage": false,
      "matchNBT": false
    },
	{
	"item": "guideapi:ItemGuideBook:2",
      "handlerType": "rightclick",
      "matchDamage": true,
      "matchNBT": false
    },
	{
	"item": "guideapi:ItemGuideBook:1",
      "handlerType": "rightclick",
      "matchDamage": true,
      "matchNBT": false
    },
    {
      "item": "minecraft:written_book",
      "handlerType": "rightclick",
      "matchDamage": false,
      "matchNBT": false
    },
    {
      "item": "Thaumcraft:thaumonomicon",
      "handlerType": "rightclick",
      "matchDamage": false,
      "matchNBT": false
    },
    {
      "item": "Botania:lexicon",
      "handlerType": "rightclick",
      "matchDamage": false,
      "matchNBT": false
    },
    {
      "item": "aura:lexicon",
      "handlerType": "rightclick",
      "matchDamage": false,
      "matchNBT": false
    },
    {
      "item": "totemic:totempedia",
      "handlerType": "rightclick",
      "matchDamage": false,
      "matchNBT": false
    },
    {
      "item": "openblocks:infoBook",
      "handlerType": "rightclick",
      "matchDamage": false,
      "matchNBT": false
    },
    {
      "item": "opencomputers:tool 4",
      "handlerType": "rightclick",
      "matchDamage": true,
      "matchNBT": false
    },
    {
      "item": "rftools:rftools_manual",
      "handlerType": "rightclick",
      "matchDamage": false,
      "matchNBT": false
    },
    {
      "item": "deepresonance:dr_manual",
      "handlerType": "rightclick",
      "matchDamage": false,
      "matchNBT": false
    },
    {
      "item": "tconstruct:book",
      "handlerType": "rightclick",
      "matchDamage": false,
      "matchNBT": false
    },
    {
      "item": "computercraft:printout",
      "handlerType": "computercraft",
      "matchDamage": false,
      "matchNBT": false
    },
    {
      "item": "ImmersiveEngineering:tool 3",
      "handlerType": "switchclick",
      "matchDamage": true,
      "matchNBT": false
    },
    {
      "item": "warpbook:warpbook",
      "handlerType": "warpbook",
      "matchDamage": false,
      "matchNBT": false
    },
    {
      "item": "guideapi:ItemGuideBook",
      "handlerType": "copynbt",
      "matchDamage": false,
      "matchNBT": false
    },
    {
      "item": "minecraft:planks 1",
      "handlerType": "customwood",
      "matchDamage": true,
      "matchNBT": false
    },
    {
      "item": "minecraft:planks 5",
      "handlerType": "customwood",
      "matchDamage": true,
      "matchNBT": false
    },
    {
      "item": "thaumcraft:plank 0",
      "handlerType": "customwood",
      "matchDamage": true,
      "matchNBT": false
    },
    {
      "item": "chisel:planks-dark-oak",
      "handlerType": "customwood",
      "matchDamage": false,
      "matchNBT": false
    },
    {
      "item": "chisel:planks-spruce",
      "handlerType": "customwood",
      "matchDamage": false,
      "matchNBT": false
    },
    {
      "item": "chisel:livingwood-planks",
      "handlerType": "customwood",
      "matchDamage": false,
      "matchNBT": false
    },
    {
      "item": "chisel:livingwood-raw",
      "handlerType": "customwood",
      "matchDamage": false,
      "matchNBT": false
    },
    {
      "item": "chisel:thinWood-dark",
      "handlerType": "customwood",
      "matchDamage": false,
      "matchNBT": false
    },
    {
      "item": "chisel:thinWood-spruce",
      "handlerType": "customwood",
      "matchDamage": false,
      "matchNBT": false
    },
    {
      "item": "biomesoplenty:planks_0 14",
      "handlerType": "customwood",
      "matchDamage": true,
      "matchNBT": false
    },
    {
      "item": "Botania:livingwood",
      "handlerType": "customwood",
      "matchDamage": false,
      "matchNBT": false
    },
	{
      "item": "theoneprobe:probenote",
      "handlerType": "rightclick",
      "matchDamage": false,
      "matchNBT": false
    },
	{
      "item": "environmentaltech:digital_guide",
      "handlerType": "rightclick",
      "matchDamage": false,
      "matchNBT": false
    },
	{
      "item": "extrautils2:book",
      "handlerType": "rightclick",
      "matchDamage": false,
      "matchNBT": false
    },
	{
      "item": "guideapi:ItemGuideBook",
      "handlerType": "rightclick",
      "matchDamage": false,
      "matchNBT": false
    },
	{
      "item": "immersiveengineering:tool 3",
      "handlerType": "rightclick",
      "matchDamage": true,
      "matchNBT": false
    },
	{
      "item": "rftoolscontrol:rftoolscontrol_manual",
      "handlerType": "rightclick",
      "matchDamage": false,
      "matchNBT": false
    },
	{
      "item": "rftoolsdim:rftoolsdim_manual",
      "handlerType": "rightclick",
      "matchDamage": false,
      "matchNBT": false
    },
	{
      "item": "roots:runedTablet",
      "handlerType": "rightclick",
      "matchDamage": false,
      "matchNBT": false
    },
	{
      "item": "vc:guidebook_main",
      "handlerType": "rightclick",
      "matchDamage": false,
      "matchNBT": false
    },
	{
      "item": "vc:guidebook_controls",
      "handlerType": "rightclick",
      "matchDamage": false,
      "matchNBT": false
    },
	{
      "item": "vc:guidebook_paint",
      "handlerType": "rightclick",
      "matchDamage": false,
      "matchNBT": false
    },
	{
      "item": "vc:guidebook_socket",
      "handlerType": "rightclick",
      "matchDamage": false,
      "matchNBT": false
    },
    {
      "item": "draconicevolution:info_tablet",
      "handlerType": "rightclick",
      "matchDamage": false,
      "matchNBT": false
    }
  ],
  "freeBooks": [
    "Botania:lexicon",
    "theoneprobe:probenote",
    "deepresonance:dr_manual",
    "environmentaltech:digital_guide",
    "extrautils2:book",
    "guideapi:ItemGuideBook",
    "immersiveengineering:tool 3",
    "opencomputers:tool 4",
    "rftools:rftools_manual",
    "rftoolscontrol:rftoolscontrol_manual",
    "rftoolsdim:rftoolsdim_manual",
    "roots:runedTablet",
    "tconstruct:book",
    "vc:guidebook_main",
    "vc:guidebook_controls",
    "vc:guidebook_paint",
    "vc:guidebook_socket",
    "draconicevolution:info_tablet"
  ]
}
