[
	{
        "modId": "ChromatiCraft",
        "deps": [
            {
                "type":"after",
                "target":"ThermalFoundation"
            }
        ]
    },
	{
        "modId": "GalacticraftCore",
        "deps": [
            {
                "type":"after",
                "target":"Magneticraft"
            }
        ]
    },
	{
        "modId": "numina",
        "deps": [
            {
                "type":"after",
                "target":"eng_toolbox"
            }
        ]
    }
]