[{"uuid":"4ecf6284-b1e8-45bb-b2b3-151c95c3b10f","name":"Saereth","lives":3,"team":{"id":-1,"lifeSetting":"SHARE","rewardSetting":"ALL","players":[{"uuid":"4ecf6284-b1e8-45bb-b2b3-151c95c3b10f","owner":true,"bookOpen":true,"inTeam":true}],"reputations":[],"questDataList":[{"questId":"cb8bed7c-4e41-42cf-a07f-397976abe195","questData":{"players":1,"rewards":[false],"completed":false,"claimed":false,"available":true,"time":0,"tasksSize":1,"tasks":[{"type":"ITEMS","completed":false,"count":1,"progress":[0]}]}},{"questId":"94371dee-2ddf-4a50-86c9-7a6795106887","questData":{"players":1,"rewards":[false],"completed":false,"claimed":false,"available":true,"time":0,"tasksSize":2,"tasks":[{"type":"ITEMS","completed":false,"count":1,"progress":[0]},{"type":"ITEMS","completed":false,"count":3,"progress":[0,0,0]}]}},{"questId":"ca4c23e1-dbe0-4473-824b-2c1737a77786","questData":{"players":1,"rewards":[false],"completed":false,"claimed":false,"available":true,"time":0,"tasksSize":1,"tasks":[{"type":"ITEMS","completed":false,"count":1,"progress":[0]}]}},{"questId":"0650cbd2-b1a4-4274-97ab-5ce24954efe8","questData":{"players":1,"rewards":[false],"completed":false,"claimed":false,"available":true,"time":0,"tasksSize":1,"tasks":[{"type":"ITEMS","completed":false,"count":1,"progress":[0]}]}},{"questId":"a6b1abd8-ad49-46b8-888f-69917781ef68","questData":{"players":1,"rewards":[false],"completed":false,"claimed":false,"available":true,"time":0,"tasksSize":1,"tasks":[{"type":"ITEMS","completed":false,"count":4,"progress":[0,0,0,0]}]}},{"questId":"65851ebd-cc0d-4be3-a6ec-7092a549835a","questData":{"players":1,"rewards":[false],"completed":false,"claimed":false,"available":true,"time":0,"tasksSize":1,"tasks":[{"type":"ITEMS","completed":false,"count":1,"progress":[0]}]}},{"questId":"936c21dd-fe82-4d61-b6c7-61e21a6cd7a8","questData":{"players":1,"rewards":[false],"completed":false,"claimed":false,"available":true,"time":0,"tasksSize":1,"tasks":[{"type":"ITEMS","completed":false,"count":1,"progress":[0]}]}},{"questId":"63c259c1-2636-41d5-a6db-3a9e40773a70","questData":{"players":1,"rewards":[false],"completed":false,"claimed":false,"available":true,"time":0,"tasksSize":1,"tasks":[{"type":"ITEMS","completed":false,"count":1,"progress":[0]}]}},{"questId":"77e993e3-59d8-44f9-9f84-c04ea22a207a","questData":{"players":1,"rewards":[false],"completed":false,"claimed":false,"available":true,"time":0,"tasksSize":1,"tasks":[{"type":"ITEMS","completed":false,"count":2,"progress":[0,0]}]}},{"questId":"36e15635-7eeb-4552-a123-d957f19bbddd","questData":{"players":1,"rewards":[false],"completed":false,"claimed":false,"available":true,"time":0,"tasksSize":1,"tasks":[{"type":"ITEMS","completed":false,"count":4,"progress":[0,0,0,0]}]}},{"questId":"c6ae2fca-f4d4-4749-83bc-e1211bc3dfd0","questData":{"players":1,"rewards":[false],"completed":false,"claimed":false,"available":true,"time":0,"tasksSize":1,"tasks":[{"type":"ITEMS","completed":false,"count":1,"progress":[0]}]}},{"questId":"e3ef90ff-97b5-4fca-b578-6d9b073c5386","questData":{"players":1,"rewards":[false],"completed":false,"claimed":false,"available":true,"time":0,"tasksSize":1,"tasks":[{"type":"ITEMS","completed":false,"count":1,"progress":[0]}]}},{"questId":"cebbcec1-8835-4cdf-8457-8e76e39619f5","questData":{"players":1,"rewards":[false],"completed":false,"claimed":false,"available":true,"time":0,"tasksSize":1,"tasks":[{"type":"ITEMS","completed":false,"count":1,"progress":[0]}]}},{"questId":"4f10c3d9-ae40-4a75-b54a-21368e438497","questData":{"players":1,"rewards":[false],"completed":false,"claimed":false,"available":true,"time":0,"tasksSize":1,"tasks":[{"type":"ITEMS","completed":false,"count":2,"progress":[0,0]}]}},{"questId":"76dbccd4-d2ea-4a28-a5cb-90b064eb0579","questData":{"players":1,"rewards":[false],"completed":false,"claimed":false,"available":true,"time":0,"tasksSize":1,"tasks":[{"type":"ITEMS","completed":false,"count":2,"progress":[0,0]}]}},{"questId":"143f202e-f2b6-443e-a036-509c2971c671","questData":{"players":1,"rewards":[false],"completed":false,"claimed":false,"available":true,"time":0,"tasksSize":1,"tasks":[{"type":"ITEMS","completed":false,"count":1,"progress":[0]}]}},{"questId":"0fd5e583-14f6-4918-9916-6164d01467b8","questData":{"players":1,"rewards":[false],"completed":false,"claimed":false,"available":true,"time":0,"tasksSize":1,"tasks":[{"type":"ITEMS","completed":false,"count":1,"progress":[0]}]}},{"questId":"9b25bdf1-49cd-4fd9-befc-43ff1efb6d86","questData":{"players":1,"rewards":[false],"completed":false,"claimed":false,"available":true,"time":0,"tasksSize":1,"tasks":[{"type":"ITEMS","completed":false,"count":7,"progress":[0,0,0,0,0,0,0]}]}},{"questId":"bc7ef44e-b7dc-4906-9328-f6ad7cabd2b4","questData":{"players":1,"rewards":[false],"completed":false,"claimed":false,"available":true,"time":0,"tasksSize":1,"tasks":[{"type":"ITEMS","completed":false,"count":7,"progress":[0,0,0,0,0,0,0]}]}},{"questId":"1d0d99a0-9133-4c3f-97a6-2f7660123069","questData":{"players":1,"rewards":[false],"completed":false,"claimed":false,"available":true,"time":0,"tasksSize":1,"tasks":[{"type":"ITEMS","completed":false,"count":1,"progress":[0]}]}},{"questId":"5b120ac4-16c8-4a42-aa86-3845d76f4bfd","questData":{"players":1,"rewards":[false],"completed":false,"claimed":false,"available":true,"time":0,"tasksSize":1,"tasks":[{"type":"ITEMS","completed":false,"count":2,"progress":[0,0]}]}},{"questId":"4d8057a9-6a86-4651-a906-3ff53b67cf85","questData":{"players":1,"rewards":[false],"completed":false,"claimed":false,"available":true,"time":0,"tasksSize":1,"tasks":[{"type":"ITEMS","completed":false,"count":1,"progress":[0]}]}},{"questId":"bfa4fd9e-f267-41c7-8fe4-0fdb1499e26f","questData":{"players":1,"rewards":[false],"completed":false,"claimed":false,"available":true,"time":0,"tasksSize":2,"tasks":[{"type":"ITEMS","completed":false,"count":1,"progress":[0]},{"type":"ITEMS","completed":false,"count":1,"progress":[0]}]}},{"questId":"e2ec92a8-b553-4463-a302-e8b2a2b5416d","questData":{"players":1,"rewards":[false],"completed":false,"claimed":false,"available":true,"time":0,"tasksSize":1,"tasks":[{"type":"ITEMS","completed":false,"count":1,"progress":[0]}]}},{"questId":"2536638d-3578-48e7-aaf1-a38688dd2141","questData":{"players":1,"rewards":[false],"completed":false,"claimed":false,"available":true,"time":0,"tasksSize":1,"tasks":[{"type":"ITEMS","completed":false,"count":2,"progress":[0,0]}]}},{"questId":"16333efb-b264-4d64-83fe-751fa672367b","questData":{"players":1,"rewards":[false],"completed":false,"claimed":false,"available":true,"time":0,"tasksSize":1,"tasks":[{"type":"ITEMS","completed":false,"count":1,"progress":[0]}]}},{"questId":"31af5ad8-a18a-4d3c-9266-f3f696a8725d","questData":{"players":1,"rewards":[false],"completed":false,"claimed":false,"available":true,"time":0,"tasksSize":1,"tasks":[{"type":"ITEMS","completed":false,"count":1,"progress":[0]}]}},{"questId":"86cda3f5-7022-4bd6-8e42-b7973e9afa87","questData":{"players":1,"rewards":[false],"completed":false,"claimed":false,"available":true,"time":0,"tasksSize":1,"tasks":[{"type":"ITEMS","completed":false,"count":1,"progress":[0]}]}},{"questId":"f4456ff9-3246-416e-9d3a-ee8df8f2af03","questData":{"players":1,"rewards":[false],"completed":false,"claimed":false,"available":true,"time":0,"tasksSize":1,"tasks":[{"type":"ITEMS","completed":false,"count":2,"progress":[0,0]}]}},{"questId":"47c892cf-b71a-4817-9072-0ae341f7c86b","questData":{"players":1,"rewards":[false],"completed":false,"claimed":false,"available":true,"time":0,"tasksSize":1,"tasks":[{"type":"ITEMS","completed":false,"count":2,"progress":[0,0]}]}},{"questId":"8c118fd8-5d2b-4ba4-828c-8baee1de13b6","questData":{"players":1,"rewards":[false],"completed":false,"claimed":false,"available":true,"time":0,"tasksSize":1,"tasks":[{"type":"ITEMS","completed":false,"count":3,"progress":[0,0,0]}]}},{"questId":"7a3a5671-a056-4e94-9b64-5a1cbe8084b2","questData":{"players":1,"rewards":[false],"completed":false,"claimed":false,"available":true,"time":0,"tasksSize":1,"tasks":[{"type":"ITEMS","completed":false,"count":2,"progress":[0,0]}]}},{"questId":"c94df3f6-ba46-4852-81a6-3341f66d5048","questData":{"players":1,"rewards":[false],"completed":false,"claimed":false,"available":true,"time":0,"tasksSize":1,"tasks":[{"type":"ITEMS","completed":false,"count":2,"progress":[0,0]}]}},{"questId":"32d20533-cd70-47ec-bd2f-89cf2726bab4","questData":{"players":1,"rewards":[false],"completed":false,"claimed":false,"available":true,"time":0,"tasksSize":1,"tasks":[{"type":"ITEMS","completed":false,"count":1,"progress":[0]}]}},{"questId":"1a1aa5b8-5403-42e6-b207-749226e65863","questData":{"players":1,"rewards":[false],"completed":false,"claimed":false,"available":true,"time":0,"tasksSize":1,"tasks":[{"type":"ITEMS","completed":false,"count":1,"progress":[0]}]}},{"questId":"ae0a97d0-b277-45a3-9c05-550d8268fc69","questData":{"players":1,"rewards":[false],"completed":false,"claimed":false,"available":true,"time":0,"tasksSize":2,"tasks":[{"type":"ITEMS","completed":false,"count":1,"progress":[0]},{"type":"ITEMS","completed":false,"count":4,"progress":[0,0,0,0]}]}},{"questId":"1a3990e9-a304-48be-93bb-74a4ee6d6da5","questData":{"players":1,"rewards":[false],"completed":false,"claimed":false,"available":true,"time":0,"tasksSize":1,"tasks":[{"type":"ITEMS","completed":false,"count":5,"progress":[0,0,0,0,0]}]}},{"questId":"e4273e8e-9f77-496c-a471-da89dba1fada","questData":{"players":1,"rewards":[false],"completed":false,"claimed":false,"available":true,"time":0,"tasksSize":1,"tasks":[{"type":"ITEMS","completed":false,"count":5,"progress":[0,0,0,0,0]}]}},{"questId":"b183f9cb-e553-47ac-a840-94c020dc95e0","questData":{"players":1,"rewards":[false],"completed":false,"claimed":false,"available":true,"time":0,"tasksSize":1,"tasks":[{"type":"ITEMS","completed":false,"count":1,"progress":[0]}]}},{"questId":"a57cb4e5-c05f-4069-894f-1a307bc484d0","questData":{"players":1,"rewards":[false],"completed":false,"claimed":false,"available":true,"time":0,"tasksSize":1,"tasks":[{"type":"ITEMS","completed":true,"count":1,"progress":[1]}]}},{"questId":"f51119f7-3aa9-4462-8b5e-2da42a192f3e","questData":{"players":1,"rewards":[false],"completed":false,"claimed":false,"available":true,"time":0,"tasksSize":1,"tasks":[{"type":"ITEMS","completed":false,"count":1,"progress":[0]}]}},{"questId":"420485e8-0cfa-41dd-aba5-93485b6a9590","questData":{"players":1,"rewards":[false],"completed":false,"claimed":false,"available":true,"time":0,"tasksSize":1,"tasks":[{"type":"ITEMS","completed":false,"count":5,"progress":[0,0,0,0,0]}]}},{"questId":"8962036c-d7f5-4ff5-878f-57149431afbb","questData":{"players":1,"rewards":[false],"completed":false,"claimed":false,"available":true,"time":0,"tasksSize":1,"tasks":[{"type":"ITEMS","completed":false,"count":1,"progress":[0]}]}},{"questId":"3cb30fcd-503d-4f56-a9a9-242898f980f3","questData":{"players":1,"rewards":[false],"completed":false,"claimed":false,"available":true,"time":0,"tasksSize":1,"tasks":[{"type":"ITEMS","completed":false,"count":1,"progress":[0]}]}},{"questId":"7171a2c8-88a3-4a43-8006-ad59ffc23666","questData":{"players":1,"rewards":[false],"completed":false,"claimed":false,"available":true,"time":0,"tasksSize":1,"tasks":[{"type":"ITEMS","completed":false,"count":3,"progress":[0,0,0]}]}},{"questId":"715b3bc6-fb1a-4192-b24b-3651e768b06c","questData":{"players":1,"rewards":[false],"completed":false,"claimed":false,"available":true,"time":0,"tasksSize":1,"tasks":[{"type":"ITEMS","completed":false,"count":1,"progress":[0]}]}},{"questId":"214eaacb-ca47-48f5-8383-231038936112","questData":{"players":1,"rewards":[false],"completed":false,"claimed":false,"available":true,"time":0,"tasksSize":1,"tasks":[{"type":"ITEMS","completed":false,"count":1,"progress":[0]}]}},{"questId":"e631d451-acef-4657-b69c-d834d17234f1","questData":{"players":1,"rewards":[false],"completed":false,"claimed":false,"available":true,"time":0,"tasksSize":1,"tasks":[{"type":"ITEMS","completed":false,"count":1,"progress":[0]}]}},{"questId":"6c502168-ed37-48ca-bc9c-ec0fc351f6c4","questData":{"players":1,"rewards":[false],"completed":false,"claimed":false,"available":true,"time":0,"tasksSize":1,"tasks":[{"type":"ITEMS","completed":false,"count":1,"progress":[0]}]}},{"questId":"c790c6dd-57e5-42b1-a75a-9ed98ca6d58c","questData":{"players":1,"rewards":[false],"completed":false,"claimed":false,"available":true,"time":0,"tasksSize":1,"tasks":[{"type":"ITEMS","completed":false,"count":1,"progress":[0]}]}},{"questId":"3d2032dd-7196-43ec-a75d-e268c7db730a","questData":{"players":1,"rewards":[false],"completed":false,"claimed":false,"available":true,"time":0,"tasksSize":1,"tasks":[{"type":"ITEMS","completed":false,"count":1,"progress":[0]}]}},{"questId":"76c74c44-0b0e-40bc-92f4-fea0c7ae22b9","questData":{"players":1,"rewards":[false],"completed":false,"claimed":false,"available":true,"time":0,"tasksSize":1,"tasks":[{"type":"ITEMS","completed":false,"count":1,"progress":[0]}]}},{"questId":"04c341c6-7601-4c68-9b1f-537b5cb3857e","questData":{"players":1,"rewards":[false],"completed":false,"claimed":false,"available":true,"time":0,"tasksSize":1,"tasks":[{"type":"ITEMS","completed":false,"count":7,"progress":[0,0,0,0,0,0,0]}]}},{"questId":"d68d9afb-6547-4014-a839-a33b62f0bc5f","questData":{"players":1,"rewards":[false],"completed":false,"claimed":false,"available":true,"time":0,"tasksSize":1,"tasks":[{"type":"ITEMS","completed":false,"count":1,"progress":[0]}]}},{"questId":"d69a5bef-414a-4836-9616-c2ddd378bce5","questData":{"players":1,"rewards":[false],"completed":false,"claimed":false,"available":true,"time":0,"tasksSize":1,"tasks":[{"type":"ITEMS","completed":false,"count":1,"progress":[0]}]}},{"questId":"42a488b2-5e1c-4924-8542-61f7b56f8916","questData":{"players":1,"rewards":[false],"completed":false,"claimed":false,"available":true,"time":0,"tasksSize":1,"tasks":[{"type":"ITEMS","completed":false,"count":2,"progress":[0,0]}]}},{"questId":"27e9f05e-3147-4b9c-ad31-b3f6c95faa08","questData":{"players":1,"rewards":[false],"completed":false,"claimed":false,"available":true,"time":0,"tasksSize":1,"tasks":[{"type":"ITEMS","completed":false,"count":1,"progress":[0]}]}},{"questId":"aba766be-fbb0-4884-b227-5374e20f3408","questData":{"players":1,"rewards":[false],"completed":false,"claimed":false,"available":true,"time":0,"tasksSize":1,"tasks":[{"type":"ITEMS","completed":false,"count":1,"progress":[0]}]}},{"questId":"55ca665a-53cc-4bbf-b3eb-d259ab578fbd","questData":{"players":1,"rewards":[false],"completed":false,"claimed":false,"available":true,"time":0,"tasksSize":1,"tasks":[{"type":"ITEMS","completed":false,"count":2,"progress":[0,0]}]}},{"questId":"15e7feaf-48aa-409f-b620-d3a0a26b0360","questData":{"players":1,"rewards":[false],"completed":false,"claimed":false,"available":true,"time":0,"tasksSize":1,"tasks":[{"type":"ITEMS","completed":false,"count":1,"progress":[0]}]}},{"questId":"3806a724-611a-4007-b170-6a6c533a99bc","questData":{"players":1,"rewards":[false],"completed":false,"claimed":false,"available":true,"time":0,"tasksSize":1,"tasks":[{"type":"ITEMS","completed":false,"count":1,"progress":[0]}]}},{"questId":"836f89d0-c300-4be6-b41e-9f8a57f38863","questData":{"players":1,"rewards":[false],"completed":false,"claimed":false,"available":true,"time":0,"tasksSize":1,"tasks":[{"type":"ITEMS","completed":false,"count":1,"progress":[0]}]}},{"questId":"6edb3ede-198a-4684-a365-20f47c0787d3","questData":{"players":1,"rewards":[false],"completed":false,"claimed":false,"available":true,"time":0,"tasksSize":1,"tasks":[{"type":"ITEMS","completed":false,"count":2,"progress":[0,0]}]}},{"questId":"3daaa6c1-84b3-4c6f-afac-1b5f1c770882","questData":{"players":1,"rewards":[false],"completed":false,"claimed":false,"available":true,"time":0,"tasksSize":1,"tasks":[{"type":"ITEMS","completed":false,"count":1,"progress":[0]}]}},{"questId":"4e970de8-7df4-4708-b5cb-51120d39b26e","questData":{"players":1,"rewards":[false],"completed":false,"claimed":false,"available":true,"time":0,"tasksSize":1,"tasks":[{"type":"ITEMS","completed":false,"count":1,"progress":[0]}]}},{"questId":"328b6111-ccd3-4a2d-86b2-6f9be17eda75","questData":{"players":1,"rewards":[false],"completed":false,"claimed":false,"available":true,"time":0,"tasksSize":1,"tasks":[{"type":"ITEMS","completed":false,"count":1,"progress":[0]}]}},{"questId":"551657ff-77cb-46ad-9d5f-b61773d24ab8","questData":{"players":1,"rewards":[false],"completed":false,"claimed":false,"available":true,"time":0,"tasksSize":1,"tasks":[{"type":"ITEMS","completed":false,"count":1,"progress":[0]}]}},{"questId":"29a239cf-698b-4915-aa02-5ccf686ad1f9","questData":{"players":1,"rewards":[false],"completed":false,"claimed":false,"available":true,"time":0,"tasksSize":1,"tasks":[{"type":"ITEMS","completed":false,"count":2,"progress":[0,0]}]}},{"questId":"bff3b81a-a0a1-4a19-b045-d1d95edd4597","questData":{"players":1,"rewards":[false],"completed":false,"claimed":false,"available":true,"time":0,"tasksSize":1,"tasks":[{"type":"ITEMS","completed":false,"count":2,"progress":[0,0]}]}},{"questId":"127aaa04-ca49-4b01-8aa6-a91b1c3cbca9","questData":{"players":1,"rewards":[false],"completed":false,"claimed":false,"available":true,"time":0,"tasksSize":1,"tasks":[{"type":"ITEMS","completed":false,"count":4,"progress":[0,0,0,0]}]}},{"questId":"62829472-f685-4072-9eb4-ef012720e3a1","questData":{"players":1,"rewards":[false],"completed":false,"claimed":false,"available":true,"time":0,"tasksSize":1,"tasks":[{"type":"ITEMS","completed":false,"count":1,"progress":[0]}]}},{"questId":"cabfa14d-2e75-4bde-88d9-0c590c7672db","questData":{"players":1,"rewards":[false],"completed":false,"claimed":false,"available":true,"time":0,"tasksSize":1,"tasks":[{"type":"ITEMS","completed":false,"count":1,"progress":[0]}]}},{"questId":"a4d41b95-48be-4b4b-888a-137bcbb0c642","questData":{"players":1,"rewards":[false],"completed":false,"claimed":false,"available":true,"time":0,"tasksSize":1,"tasks":[{"type":"ITEMS","completed":false,"count":1,"progress":[0]}]}},{"questId":"acae8527-b567-4d58-9549-365e127d2881","questData":{"players":1,"rewards":[false],"completed":false,"claimed":false,"available":true,"time":0,"tasksSize":1,"tasks":[{"type":"ITEMS","completed":false,"count":2,"progress":[0,0]}]}},{"questId":"70a5ff29-b19d-4ee8-9310-51c916e06fea","questData":{"players":1,"rewards":[false],"completed":false,"claimed":false,"available":true,"time":0,"tasksSize":1,"tasks":[{"type":"ITEMS","completed":false,"count":1,"progress":[0]}]}},{"questId":"649fe245-b4ce-4733-a134-d74c2ce001c4","questData":{"players":1,"rewards":[false],"completed":false,"claimed":false,"available":true,"time":0,"tasksSize":1,"tasks":[{"type":"ITEMS","completed":false,"count":2,"progress":[0,0]}]}},{"questId":"4fc5d7df-e861-4bbe-aa21-55c17e9d31d3","questData":{"players":1,"rewards":[false],"completed":false,"claimed":false,"available":true,"time":0,"tasksSize":1,"tasks":[{"type":"ITEMS","completed":false,"count":2,"progress":[0,0]}]}},{"questId":"53d15673-ff28-4136-b1d2-48005ff34abc","questData":{"players":1,"rewards":[false],"completed":false,"claimed":false,"available":true,"time":0,"tasksSize":1,"tasks":[{"type":"ITEMS","completed":false,"count":2,"progress":[0,0]}]}},{"questId":"88176b22-e521-42e1-ae4a-2a57c7ccd203","questData":{"players":1,"rewards":[false],"completed":false,"claimed":false,"available":true,"time":0,"tasksSize":1,"tasks":[{"type":"ITEMS","completed":false,"count":1,"progress":[0]}]}},{"questId":"424d701c-0dcd-474d-a8c3-454f8f923049","questData":{"players":1,"rewards":[false],"completed":false,"claimed":false,"available":true,"time":0,"tasksSize":1,"tasks":[{"type":"ITEMS","completed":false,"count":3,"progress":[0,0,0]}]}},{"questId":"8bd88790-4ffe-4fc6-8814-c8519600cf72","questData":{"players":1,"rewards":[false],"completed":false,"claimed":false,"available":true,"time":0,"tasksSize":1,"tasks":[{"type":"ITEMS","completed":false,"count":1,"progress":[0]}]}},{"questId":"6512e46c-3760-4ffb-ae50-02316df2961c","questData":{"players":1,"rewards":[false],"completed":false,"claimed":false,"available":true,"time":0,"tasksSize":1,"tasks":[{"type":"ITEMS","completed":false,"count":1,"progress":[0]}]}},{"questId":"7a7fcd22-0431-45f0-b845-490ceb2f4e55","questData":{"players":1,"rewards":[false],"completed":false,"claimed":false,"available":true,"time":0,"tasksSize":1,"tasks":[{"type":"ITEMS","completed":false,"count":1,"progress":[0]}]}},{"questId":"6272d8e4-b4bd-4fe2-b1cd-d3a218a89f2e","questData":{"players":1,"rewards":[false],"completed":false,"claimed":false,"available":true,"time":0,"tasksSize":1,"tasks":[{"type":"ITEMS","completed":false,"count":1,"progress":[0]}]}},{"questId":"f5e3686d-f1dd-4024-b9a0-ae1dd46a9088","questData":{"players":1,"rewards":[false],"completed":false,"claimed":false,"available":true,"time":0,"tasksSize":1,"tasks":[{"type":"ITEMS","completed":false,"count":2,"progress":[0,0]}]}},{"questId":"41ffcf1e-e51d-40ff-b997-f3b0cae92c31","questData":{"players":1,"rewards":[false],"completed":false,"claimed":false,"available":true,"time":0,"tasksSize":1,"tasks":[{"type":"ITEMS","completed":false,"count":1,"progress":[0]}]}}],"invites":[]},"selectedQuest":"ae0a97d0-b277-45a3-9c05-550d8268fc69","playedLore":false,"receivedBook":true,"groupData":{},"deaths":{"4ecf6284-b1e8-45bb-b2b3-151c95c3b10f":[0,0,0,0,0,0,1,0,0,0,0,0,0,0,0]}}]