<SpawnConfig>
<!-- Enabling this section will stop all slime spawns
  <entry id="Slime" mobName="Slime" creatureType="MONSTER" rate="80" remove="true">
    <biomeFilter type="any">
      <biome type="BASE_LAND_TYPES" />
    </biomeFilter>
  </entry>
 --> 

<!-- Enabling this section will remove the default wither witch spawn config and replace it with
     a new config with a higher spawn rate
 <entry id="WitherWitch" mobName="EnderZoo.WitherWitch" rate="5" remove="true">
    <biomeFilter type="any">
      <biome type="FOREST" />
      <biome type="SWAMP" />
      <biome type="PLAINS" />
      <biome type="HILLS" />
      <biome type="MOUNTAIN" />
      <biome type="NETHER" exclude="true" />
      <biome type="END" exclude="true" />
    </biomeFilter>
    <dimensionExclude name="Twilight Forest"/>
  </entry>

   <entry id="WitherWitch" mobName="EnderZoo.WitherWitch" rate="20" minGroupSize="1" maxGroupSize="1">
    <biomeFilter type="any">
      <biome type="FOREST" />
      <biome type="SWAMP" />
      <biome type="PLAINS" />
      <biome type="HILLS" />
      <biome type="MOUNTAIN" />
      <biome type="NETHER" exclude="true" />
      <biome type="END" exclude="true" />
    </biomeFilter>
    <dimensionExclude name="Twilight Forest"/>
  </entry>
-->

  <entry id="ConcussionCreeper" mobName="EnderZoo.ConcussionCreeper" creatureType="MONSTER" rate="40"
    minGroupSize="1" maxGroupSize="3" remove="true">
    <biomeFilter type="any">
      <biome type="BASE_LAND_TYPES" />
      <biome type="NETHER" exclude="true" />
      <biome type="END" exclude="true" />
      <biome type="MUSHROOM" exclude="true" />
    </biomeFilter>   
    <dimensionExclude name="Twilight Forest"/>           
    <dimensionExclude name="Dungeon"/>
  </entry>

 <entry id="WitherWitch" mobName="EnderZoo.WitherWitch" rate="5" remove="true">
    <biomeFilter type="any">
      <biome type="FOREST" />
      <biome type="SWAMP" />
      <biome type="PLAINS" />
      <biome type="HILLS" />
      <biome type="MOUNTAIN" />
      <biome type="NETHER" exclude="true" />
      <biome type="END" exclude="true" />
    </biomeFilter>
    <dimensionExclude name="Twilight Forest"/>
  </entry>

    <entry id="EnderMiny" mobName="EnderZoo.Enderminy" rate="30" remove="true">
    <biomeFilter type="any">
      <biome type="FOREST" />
      <biome type="SWAMP" />
      <biome type="JUNGLE" />
      <biome type="NETHER" exclude="true" />
      <biome type="END" exclude="true" />
    </biomeFilter>
    <dimensionExclude name="Twilight Forest"/>
  </entry>

</SpawnConfig>
