[
  {
    "filter": {
      "name": "owner",
      "type": "special"
    },
    "settings": {
      "rarity": 0,
      "create": 0,
      "maintain": 0,
      "ticks": 0,
      "worldgen": false,
      "dimlet": true
    }
  },
  {
    "filter": {
      "name": "cheater",
      "type": "special"
    },
    "settings": {
      "rarity": 0,
      "create": 0,
      "maintain": 0,
      "ticks": 0,
      "worldgen": false,
      "dimlet": true
    }
  },
  {
    "filter": {
      "name": "noanimals",
      "type": "special"
    },
    "settings": {
      "rarity": 2,
      "create": 5000,
      "maintain": 40,
      "ticks": 10,
      "worldgen": false,
      "dimlet": true
    }
  },
  {
    "filter": {
      "name": "spawn",
      "type": "special"
    },
    "settings": {
      "rarity": 2,
      "create": 10000,
      "maintain": 300,
      "ticks": 100,
      "worldgen": false,
      "dimlet": true
    }
  },
  {
    "filter": {
      "name": "seed",
      "type": "special"
    },
    "settings": {
      "rarity": 2,
      "create": 1000,
      "maintain": 0,
      "ticks": 100,
      "worldgen": false,
      "dimlet": true
    }
  },
  {
    "filter": {
      "name": "peaceful",
      "type": "special"
    },
    "settings": {
      "rarity": 5,
      "create": 50000,
      "maintain": 30000,
      "ticks": 900,
      "worldgen": false,
      "dimlet": true
    }
  },
  {
    "filter": {
      "name": "efficiency",
      "type": "special"
    },
    "settings": {
      "rarity": 5,
      "create": 100000,
      "maintain": -20,
      "ticks": 900,
      "worldgen": false,
      "dimlet": true
    }
  },
  {
    "filter": {
      "name": "mediocreefficiency",
      "type": "special"
    },
    "settings": {
      "rarity": 4,
      "create": 100000,
      "maintain": -5,
      "ticks": 400,
      "worldgen": false,
      "dimlet": true
    }
  },
  {
    "filter": {
      "type": "digit"
    },
    "settings": {
      "rarity": 0,
      "create": 0,
      "maintain": 0,
      "ticks": 0,
      "worldgen": false,
      "dimlet": true
    }
  },
  {
    "filter": {
      "type": "patreon"
    },
    "settings": {
      "rarity": 2,
      "create": 10,
      "maintain": 0,
      "ticks": 1,
      "worldgen": false,
      "dimlet": true
    }
  },
  {
    "filter": {
      "type": "sky"
    },
    "settings": {
      "rarity": 0,
      "create": 100,
      "maintain": 1,
      "ticks": 1,
      "worldgen": true,
      "dimlet": true
    }
  },
  {
    "filter": {
      "type": "structure"
    },
    "settings": {
      "rarity": 3,
      "create": 600,
      "maintain": 100,
      "ticks": 900,
      "worldgen": true,
      "dimlet": true
    }
  },
  {
    "filter": {
      "type": "terrain"
    },
    "settings": {
      "rarity": 0,
      "create": 100,
      "maintain": 1,
      "ticks": 1,
      "worldgen": true,
      "dimlet": true
    }
  },
  {
    "filter": {
      "type": "time"
    },
    "settings": {
      "rarity": 2,
      "create": 300,
      "maintain": 20,
      "ticks": 10,
      "worldgen": true,
      "dimlet": true
    }
  },
  {
    "filter": {
      "type": "weather"
    },
    "settings": {
      "rarity": 1,
      "create": 100,
      "maintain": 50,
      "ticks": 10,
      "worldgen": true,
      "dimlet": true
    }
  },
  {
    "filter": {
      "type": "special"
    },
    "settings": {
      "rarity": 5,
      "create": 1000,
      "maintain": 1000,
      "ticks": 1000,
      "worldgen": false,
      "dimlet": true
    }
  },
  {
    "filter": {
      "type": "feature"
    },
    "settings": {
      "rarity": 0,
      "create": 100,
      "maintain": 1,
      "ticks": 1,
      "worldgen": true,
      "dimlet": true
    }
  },
  {
    "filter": {
      "type": "effect"
    },
    "settings": {
      "rarity": 3,
      "create": 200,
      "maintain": 0,
      "ticks": 100,
      "worldgen": true,
      "dimlet": true
    }
  },
  {
    "filter": {
      "type": "biome"
    },
    "settings": {
      "rarity": 1,
      "create": 100,
      "maintain": 0,
      "ticks": 1,
      "worldgen": true,
      "dimlet": true
    }
  },
  {
    "filter": {
      "type": "controller"
    },
    "settings": {
      "rarity": 1,
      "create": 100,
      "maintain": 0,
      "ticks": 1,
      "worldgen": true,
      "dimlet": true
    }
  },
  {
    "filter": {
      "mod": "minecraft",
      "name": [
        "mycelium",
        "sponge",
        "red_sandstone",
        "log",
        "ice",
        "magma",
        "mossy_cobblestone",
        "sandstone",
        "end_bricks",
        "cobblestone",
        "grass",
        "brick_block",
        "netherrack",
        "hardened_clay",
        "stained_hardened_clay",
        "glass",
        "packed_ice",
        "dirt",
        "stained_glass",
        "nether_brick",
        "stone",
        "gravel",
        "sand",
        "snow",
        "red_nether_brick",
        "stonebrick"
      ],
      "type": "material"
    },
    "settings": {
      "rarity": 1,
      "create": 5,
      "maintain": 1,
      "ticks": 1,
      "worldgen": true,
      "dimlet": true
    }
  },
  {
    "filter": {
      "mod": "minecraft",
      "name": [
        "obsidian",
        "soul_sand",
        "end_stone"
      ],
      "type": "material"
    },
    "settings": {
      "rarity": 3,
      "create": 500,
      "maintain": 250,
      "ticks": 25,
      "worldgen": true,
      "dimlet": true
    }
  },
  {
    "filter": {
      "mod": "minecraft",
      "name": "wool",
      "type": "material"
    },
    "settings": {
      "rarity": 4,
      "create": 5000,
      "maintain": 2500,
      "ticks": 250,
      "worldgen": true,
      "dimlet": true
    }
  },
  {
    "filter": {
      "mod": "minecraft",
      "name": "water",
      "type": "liquid"
    },
    "settings": {
      "rarity": 0,
      "create": 5,
      "maintain": 1,
      "ticks": 1,
      "worldgen": true,
      "dimlet": true
    }
  },
  {
    "filter": {
      "mod": "minecraft",
      "name": "lava",
      "type": "liquid"
    },
    "settings": {
      "rarity": 3,
      "create": 1000,
      "maintain": 500,
      "ticks": 100,
      "worldgen": true,
      "dimlet": true
    }
  },
  {
    "filter": {
      "mod": "biomesoplenty",
      "name": [
        "hive",
        "crag_rock",
        "dried_sand",
        "crystal",
        "dirt",
        "honey_block",
        "stone",
        "log_0",
        "log_2",
        "log_1",
        "ash_block",
        "mud_brick_block",
        "grass",
        "hard_ice",
        "flesh",
        "log_4",
        "mud",
        "log_3"
      ],
      "type": "material"
    },
    "settings": {
      "rarity": 1,
      "create": 100,
      "maintain": 50,
      "ticks": 10,
      "worldgen": true,
      "dimlet": true
    }
  },
  {
    "filter": {
      "mod": "appliedenergistics2",
      "name": [
        "sky_stone_small_brick",
        "smooth_sky_stone_block",
        "sky_stone_brick",
        "sky_stone_block"
      ],
      "type": "material"
    },
    "settings": {
      "rarity": 2,
      "create": 400,
      "maintain": 100,
      "ticks": 20,
      "worldgen": true,
      "dimlet": true
    }
  },
  {
    "filter": {
      "mod": "botania",
      "name": [
        "quartztypedark",
        "quartztypeelf",
        "quartztypemana",
        "bifrostperm",
        "managlass",
        "quartztypered",
        "altgrass",
        "quartztypelavender",
        "quartztypeblaze",
        "quartztypesunny",
        "biomestoneb",
        "biomestonea"
      ],
      "type": "material"
    },
    "settings": {
      "rarity": 2,
      "create": 400,
      "maintain": 100,
      "ticks": 20,
      "worldgen": true,
      "dimlet": true
    }
  },
  {
    "filter": {
      "mod": "darkutils",
      "name": "pearl_block",
      "type": "material"
    },
    "settings": {
      "rarity": 2,
      "create": 400,
      "maintain": 100,
      "ticks": 20,
      "worldgen": true,
      "dimlet": true
    }
  },
  {
    "filter": {
      "mod": "deepresonance",
      "name": "poisoned_dirt",
      "type": "material"
    },
    "settings": {
      "rarity": 1,
      "create": 100,
      "maintain": 50,
      "ticks": 10,
      "worldgen": true,
      "dimlet": true
    }
  },
  {
    "filter": {
      "mod": "mekanism",
      "name": [
        "glowplasticblock",
        "plasticblock"
      ],
      "type": "material"
    },
    "settings": {
      "rarity": 2,
      "create": 400,
      "maintain": 100,
      "ticks": 20,
      "worldgen": true,
      "dimlet": true
    }
  },
  {
    "filter": {
      "mod": "natura",
      "name": [
        "nether_logs",
        "nether_heat_sand",
        "overworld_logs",
        "nether_tainted_soil",
        "clouds",
        "colored_grass",
        "overworld_logs2",
        "nether_glass"
      ],
      "type": "material"
    },
    "settings": {
      "rarity": 1,
      "create": 100,
      "maintain": 50,
      "ticks": 10,
      "worldgen": true,
      "dimlet": true
    }
  },
  {
    "filter": {
      "mod": "randomthings",
      "name": "coloredgrass",
      "type": "material"
    },
    "settings": {
      "rarity": 2,
      "create": 400,
      "maintain": 100,
      "ticks": 20,
      "worldgen": true,
      "dimlet": true
    }
  },
  {
    "settings": {
      "worldgen": false,
      "dimlet": false
    }
  }
]