{"name":"Advanced Alloys","quests":[{"uuid":"ca4c23e1-dbe0-4473-824b-2c1737a77786","name":"Strange Alien Rocks....","description":"You obtained notes on a strange but very rare type of ore. It seems to contain vast amounce of trace minerals, most extremely rare. Obtaining this may prove difficult however. It can allegedly be mined from an orbital platform, although there may be some magical way of also creating it.","x":80,"y":48,"icon":{"id":"atmrockhounding:mineralOres"},"tasks":[{"type":"DETECT","items":[{"item":{"id":"atmrockhounding:mineralOres"},"required":6}]}],"reward":[{"id":"enderio:itemLiquidConduit","damage":1,"amount":8},{"id":"atmrockhounding:gear"},{"id":"atmrockhounding:testTube"}],"commandrewards":[]},{"uuid":"2536638d-3578-48e7-aaf1-a38688dd2141","name":"Sizing up the Elements","description":"To start the proces of refinement, the mineral sizer should suffice to crush the ore into more meaningful shard clusters.","x":64,"y":98,"icon":{"id":"atmrockhounding:mineralSizer"},"prerequisites":["ca4c23e1-dbe0-4473-824b-2c1737a77786"],"tasks":[{"type":"DETECT","items":[{"item":{"id":"atmrockhounding:mineralSizer"}},{"item":{"id":"atmrockhounding:mineralAnalyzer"}}]}],"reward":[{"id":"atmrockhounding:gear"},{"id":"atmrockhounding:mineralOres","amount":4}],"commandrewards":[]},{"uuid":"4fc5d7df-e861-4bbe-aa21-55c17e9d31d3","name":"Alloyer","description":"Now that you\u0027ve broken the minerals down you\u0027ll need a machine capable of alloying up to 9 different constituent components to create an array of alloying possibilities. The metal alloyer will work for this.","x":176,"y":135,"icon":{"id":"atmrockhounding:metalAlloyer"},"prerequisites":["2536638d-3578-48e7-aaf1-a38688dd2141","b183f9cb-e553-47ac-a840-94c020dc95e0"],"tasks":[{"type":"DETECT","items":[{"item":{"id":"atmrockhounding:metalAlloyer"}},{"item":{"id":"atmrockhounding:ingotPattern"},"precision":"NBT_FUZZY"}]}],"reward":[{"id":"atmrockhounding:ingot","damage":3},{"id":"atmrockhounding:ingot","damage":2},{"id":"atmrockhounding:ingot","damage":8},{"id":"atmrockhounding:ingot","damage":12}],"commandrewards":[]},{"uuid":"3daaa6c1-84b3-4c6f-afac-1b5f1c770882","name":"Fuel upgrade","description":"Running these new machines gets expensive in raw materials it seems. Converting them to RF seems to be a good goal.","x":126,"y":95,"icon":{"id":"atmrockhounding:inductionHeatingElement"},"prerequisites":["ca4c23e1-dbe0-4473-824b-2c1737a77786"],"tasks":[{"type":"DETECT","items":[{"item":{"id":"atmrockhounding:inductionHeatingElement"},"precision":"NBT_FUZZY"}]}],"reward":[{"id":"atmrockhounding:inductionHeatingElement"}],"commandrewards":[]},{"uuid":"b183f9cb-e553-47ac-a840-94c020dc95e0","name":"Laboratory Expansion","description":"These new rocks seem particularly difficulty to break down. You\u0027ve devised a series of chemical reactions that should do the trick but you\u0027re going to need specialized equipment to produce the nescesary acids. ","x":137,"y":53,"icon":{"id":"atmrockhounding:labOven"},"prerequisites":["ca4c23e1-dbe0-4473-824b-2c1737a77786"],"tasks":[{"type":"DETECT","items":[{"item":{"id":"atmrockhounding:labOven"},"precision":"NBT_FUZZY"}]}],"reward":[{"id":"enderio:itemLiquidConduit","damage":1,"amount":8}],"commandrewards":[]}],"reputationBar":[]}