{"name":"Mastery of All Things","quests":[{"uuid":"0650cbd2-b1a4-4274-97ab-5ce24954efe8","name":"A Dire Situtation....","description":"You\u0027re going to need a bigger crafting table for what you have in mind. Much Bigger.","x":62,"y":19,"icon":{"id":"avaritia:dire_crafting"},"prerequisites":["3cb30fcd-503d-4f56-a9a9-242898f980f3"],"tasks":[{"type":"CRAFT","items":[{"item":{"id":"avaritia:dire_crafting"}}]}],"reward":[{"id":"draconicevolution:draconium_dust","amount":4}],"commandrewards":[]},{"uuid":"3d2032dd-7196-43ec-a75d-e268c7db730a","name":"Creative Builder\u0027s Wand","description":"Somes you just need to place MOAR BLOCKS!","x":104,"y":74,"icon":{"id":"extrautils2:itemcreativebuilderswand"},"prerequisites":["0650cbd2-b1a4-4274-97ab-5ce24954efe8"],"tasks":[{"type":"DETECT","items":[{"item":{"id":"extrautils2:itemcreativebuilderswand"}}]}],"reward":[{"id":"extrautils2:itemcreativedestructionwand"}],"commandrewards":[]},{"uuid":"f51119f7-3aa9-4462-8b5e-2da42a192f3e","name":"Unbreakable, Insatiable Tinkers","description":"Create a creative upgrade modifier for your gear, grants an additional modifier!","x":116,"y":53,"icon":{"id":"tconstruct:materials","damage":50},"prerequisites":["0650cbd2-b1a4-4274-97ab-5ce24954efe8"],"tasks":[{"type":"DETECT","items":[{"item":{"id":"tconstruct:materials","damage":50}}]}],"reward":[{"id":"tconstruct:materials","damage":50}],"commandrewards":[]},{"uuid":"1a1aa5b8-5403-42e6-b207-749226e65863","name":"Creative Screening","description":"Screens, everywhere! And no controllers or powers needed. ","x":105,"y":31,"icon":{"id":"rftools:creative_screen"},"prerequisites":["0650cbd2-b1a4-4274-97ab-5ce24954efe8"],"tasks":[{"type":"CRAFT","items":[{"item":{"id":"rftools:creative_screen"}}]}],"reward":[{"id":"rftools:creative_screen"}],"commandrewards":[]},{"uuid":"62829472-f685-4072-9eb4-ef012720e3a1","name":"Infinity Fluid Producer","description":"So many Possibilities... UU Matter Lake? Lava filled Ravines, or how about your own coffee waterfall.","x":142,"y":96,"icon":{"id":"pressure:CreativeSource"},"prerequisites":["0650cbd2-b1a4-4274-97ab-5ce24954efe8"],"tasks":[{"type":"DETECT","items":[{"item":{"id":"pressure:CreativeSource"}}]}],"reward":[{"id":"ic2:fluid_cell"}],"commandrewards":[]},{"uuid":"3cb30fcd-503d-4f56-a9a9-242898f980f3","name":"When They are One...","description":"By combining your experiences with transmutation magics and raw industrilized power of mechanical and otherworldy engineering you have devised a material more potent than any before. You forsee near infinite uses for this.","x":21,"y":19,"icon":{"id":"draconicevolution:draconium_ingot"},"prerequisites":["9b25bdf1-49cd-4fd9-befc-43ff1efb6d86","16333efb-b264-4d64-83fe-751fa672367b"],"tasks":[{"type":"DETECT","items":[{"item":{"id":"draconicevolution:draconium_block"}}]}],"reward":[{"id":"ic2:misc_resource","damage":3,"amount":4},{"id":"forestry:can","damage":1,"nbt":"{Fluid:{FluidName:\"elementium\",Amount:1000}}"}],"commandrewards":[]},{"uuid":"d68d9afb-6547-4014-a839-a33b62f0bc5f","name":"Creative CAD Assembler","description":"Some assembly required, dragon eggs not included.","x":92,"y":52,"icon":{"id":"psi:cadAssembly","damage":5},"prerequisites":["0650cbd2-b1a4-4274-97ab-5ce24954efe8"],"tasks":[{"type":"DETECT","items":[{"item":{"id":"psi:cadAssembly","damage":5}}]}],"reward":[{"id":"minecraft:spawn_egg","nbt":"{EntityTag:{id:\"Quark.pirate\"}}"}],"commandrewards":[]},{"uuid":"715b3bc6-fb1a-4192-b24b-3651e768b06c","name":"Mana, Guilt Free!","description":"Bringing together all you\u0027ve unlocked a limitless source of mana is within your grasp.... But what will you do with it?","x":67,"y":95,"icon":{"id":"botania:pool","damage":1},"prerequisites":["0650cbd2-b1a4-4274-97ab-5ce24954efe8"],"tasks":[{"type":"DETECT","items":[{"item":{"id":"botania:pool","damage":1}}]}],"reward":[{"id":"botania:manaVoid"}],"commandrewards":[]},{"uuid":"3806a724-611a-4007-b170-6a6c533a99bc","name":"It\u0027s ALIVE!!!","description":"A near limitless internal power source to power all your cybernetic implants. Ironman may be jealous.","x":91,"y":96,"icon":{"id":"cyberware:creativeBattery"},"prerequisites":["0650cbd2-b1a4-4274-97ab-5ce24954efe8"],"tasks":[{"type":"DETECT","items":[{"item":{"id":"cyberware:creativeBattery"}}]}],"reward":[{"id":"cyberware:neuropozyne","amount":64}],"commandrewards":[]},{"uuid":"836f89d0-c300-4be6-b41e-9f8a57f38863","name":"2147483647.","description":"Power is no longer an issue, as is if were by now anyway...","x":116,"y":96,"icon":{"id":"mekanism:EnergyCube","nbt":"{tier:4,mekData:{}}"},"prerequisites":["0650cbd2-b1a4-4274-97ab-5ce24954efe8"],"tasks":[{"type":"DETECT","items":[{"item":{"id":"mekanism:EnergyCube","nbt":"{tier:4,mekData:{}}"}}]}],"reward":[{"id":"actuallyadditions:blockPhantomEnergyface","amount":4}],"commandrewards":[]},{"uuid":"4d8057a9-6a86-4651-a906-3ff53b67cf85","name":"UNLIMITED GP... itty bitty space","description":"Unlimited GP Sound nice? The creative mill has you covered.","x":79,"y":73,"icon":{"id":"extrautils2:passivegenerator","damage":6},"prerequisites":["0650cbd2-b1a4-4274-97ab-5ce24954efe8"],"tasks":[{"type":"DETECT","items":[{"item":{"id":"extrautils2:passivegenerator","damage":6}}]}],"reward":[{"id":"extrautils2:decorativesolid","damage":3,"amount":64}],"commandrewards":[]}],"reputationBar":[]}