{"name":"Nuts and Bolts","quests":[{"uuid":"76c74c44-0b0e-40bc-92f4-fea0c7ae22b9","name":"Raw Iridium","description":"This rare material seems to be found in the roof of the nether, although far too rare to be obtained reliably. The molecular transformer seems to be capable of producing the stuff though, if you can keep up with the power cost.","x":52,"y":113,"icon":{"id":"ic2:misc_resource","damage":1},"prerequisites":["936c21dd-fe82-4d61-b6c7-61e21a6cd7a8"],"tasks":[{"type":"DETECT","items":[{"item":{"id":"ic2:misc_resource","damage":1}}]}],"reward":[{"id":"ic2:misc_resource","damage":1}],"commandrewards":[]},{"uuid":"76dbccd4-d2ea-4a28-a5cb-90b064eb0579","name":"Induction Power","description":"Many unique alloys and glasses can be made in an induction smelter. Some which you speculate may enable a new form of super fast data transfer. ","x":104,"y":28,"icon":{"id":"thermalexpansion:machine","damage":3,"nbt":"{RSControl:0b,Facing:3b,Energy:0,SideCache:[0:\"6 bytes\"],Level:0b}"},"prerequisites":["4e970de8-7df4-4708-b5cb-51120d39b26e"],"tasks":[{"type":"DETECT","items":[{"item":{"id":"thermalfoundation:glass","damage":3},"required":4,"precision":"FUZZY"},{"item":{"id":"thermalexpansion:machine","damage":3,"nbt":"{RSControl:0b,Facing:3b,Energy:0,SideCache:[0:\"6 bytes\"],Level:0b}"},"precision":"FUZZY"}]}],"reward":[{"id":"thermalfoundation:material","damage":167,"amount":2}],"commandrewards":[]},{"uuid":"420485e8-0cfa-41dd-aba5-93485b6a9590","name":"Highspeed Data Storage","description":"Finally a monumental breakthrough. With all the materials you have now experimented with you\u0027ve discovered a method of near superluminal data transformation and transmission. An applied energistics network will help facilitate your future work. ","x":152,"y":27,"icon":{"id":"chisel:futura","damage":2},"prerequisites":["76dbccd4-d2ea-4a28-a5cb-90b064eb0579"],"tasks":[{"type":"DETECT","items":[{"item":{"id":"appliedenergistics2:energy_acceptor"}},{"item":{"id":"appliedenergistics2:drive"}},{"item":{"id":"appliedenergistics2:storage_cell_4k"}},{"item":{"id":"appliedenergistics2:part","damage":16},"required":8},{"item":{"id":"appliedenergistics2:part","damage":360}}]}],"reward":[{"id":"appliedenergistics2:storage_cell_16k"}],"commandrewards":[]},{"uuid":"936c21dd-fe82-4d61-b6c7-61e21a6cd7a8","name":"Molecular Transformation","description":"Building on the ideals of the Atomic reconstructor you\u0027ve determined a much more power version. The molecular transformer seems capable of turning vast amounts of energy into useful materials.","x":44,"y":74,"icon":{"id":"ic2:advanced_solar_panels_te_machines"},"prerequisites":["c6ae2fca-f4d4-4749-83bc-e1211bc3dfd0"],"tasks":[{"type":"DETECT","items":[{"item":{"id":"ic2:advanced_solar_panels_te_machines"}}]}],"reward":[{"id":"ic2:misc_resource","damage":1}],"commandrewards":[]},{"uuid":"9b25bdf1-49cd-4fd9-befc-43ff1efb6d86","name":"Arc to the Future","description":"Utilizing some of the newer metals you realize you can create powerful alloys if only you could generate enough heat and currently quickly enough. An Arc furnace should do this job nicely. Construct an arc furnace and the electrodes.","x":18,"y":97,"icon":{"id":"immersiveengineering:blueprint","nbt":"{blueprint:\"electrode\"}"},"prerequisites":["c6ae2fca-f4d4-4749-83bc-e1211bc3dfd0"],"tasks":[{"type":"DETECT","items":[{"item":{"id":"immersiveengineering:stoneDecoration","damage":2},"required":27},{"item":{"id":"immersiveengineering:sheetmetalSlab","damage":8},"required":14},{"item":{"id":"immersiveengineering:metalDecoration0","damage":4},"required":10},{"item":{"id":"immersiveengineering:sheetmetal","damage":8},"required":8},{"item":{"id":"mekanism:BasicBlock","damage":5},"required":6,"precision":"ORE_DICTIONARY"},{"item":{"id":"immersiveengineering:metalDecoration1","damage":1},"required":5},{"item":{"id":"immersiveengineering:metalDecoration0","damage":5},"required":5}]}],"reward":[{"id":"atmrockhounding:oxideShards","damage":11,"amount":8},{"id":"atmrockhounding:nativeShards","damage":10,"amount":4}],"commandrewards":[]},{"uuid":"88176b22-e521-42e1-ae4a-2a57c7ccd203","name":"Sunnarium","description":"Raw energy condensed into glowing stones from the nether yield a highly energetic form of light producing alloy. Sunnarium seems to have a highly versatile nature. ","x":67,"y":91,"icon":{"id":"advanced_solar_panels:crafting"},"prerequisites":["936c21dd-fe82-4d61-b6c7-61e21a6cd7a8"],"tasks":[{"type":"DETECT","items":[{"item":{"id":"advanced_solar_panels:crafting"}}]}],"reward":[{"id":"advanced_solar_panels:crafting","damage":4}],"commandrewards":[]},{"uuid":"c6ae2fca-f4d4-4749-83bc-e1211bc3dfd0","name":"Restonia","description":"A strange new material from atomic reconstruction of redstone, imagine what uses it may have...","x":19,"y":28,"icon":{"id":"actuallyadditions:itemCrystal"},"prerequisites":["cebbcec1-8835-4cdf-8457-8e76e39619f5"],"tasks":[{"type":"DETECT","items":[{"item":{"id":"actuallyadditions:itemCrystal"}}]}],"reward":[{"id":"actuallyadditions:itemCrystal","damage":2},{"id":"actuallyadditions:itemCrystal","damage":4}],"commandrewards":[]},{"uuid":"424d701c-0dcd-474d-a8c3-454f8f923049","name":"Orbital Mining Platform","description":"Uninspected mineral ores and dilithium are some of the most rare materials you can find. Your research as pointed you towards desining a new orbital mining platform that should be capable of extracting these and many other ores from a planetary space station in orbit around any planet. Create a space stationa nd orbital Mining platform to exploit these resources.","x":129,"y":62,"icon":{"id":"advancedrocketry:spaceLaser"},"prerequisites":["bc7ef44e-b7dc-4906-9328-f6ad7cabd2b4"],"tasks":[{"type":"DETECT","items":[{"item":{"id":"advancedrocketry:stationBuilder"}},{"item":{"id":"advancedrocketry:spaceLaser"}},{"item":{"id":"advancedrocketry:spaceStationChip"},"precision":"FUZZY"}]}],"reward":[{"id":"advancedrocketry:bucketOxygen"},{"id":"advancedrocketry:bucketRocketFuel"},{"id":"atmrockhounding:mineralOres","amount":16}],"commandrewards":[]},{"uuid":"8bd88790-4ffe-4fc6-8814-c8519600cf72","name":"Osmiridium","description":"By re-melting and then alloying osmium and iridium you can create a much more useful alloy. You\u0027ll need this is the creation of more advanced machinery.","x":26,"y":137,"icon":{"id":"plustic:osmiridiumingot"},"prerequisites":["9b25bdf1-49cd-4fd9-befc-43ff1efb6d86","76c74c44-0b0e-40bc-92f4-fea0c7ae22b9"],"tasks":[{"type":"DETECT","items":[{"item":{"id":"plustic:osmiridiumingot"},"required":3}]}],"reward":[{"id":"mekanism:OreBlock","amount":4},{"id":"ic2:misc_resource","damage":2,"amount":4}],"commandrewards":[]},{"uuid":"bc7ef44e-b7dc-4906-9328-f6ad7cabd2b4","name":"To The Moon","description":"You\u0027re going to need a more potent fuel source, theoretical models predict the existence of a dilithium crystaline structure. Unfortunately no one has located this on earth. Build a ship to take you to the moon to search for some!","x":81,"y":49,"icon":{"id":"extrautils2:ingredients","damage":5},"prerequisites":["c6ae2fca-f4d4-4749-83bc-e1211bc3dfd0"],"tasks":[{"type":"DETECT","items":[{"item":{"id":"advancedrocketry:launchpad"},"required":9},{"item":{"id":"advancedrocketry:structureTower"},"required":12},{"item":{"id":"advancedrocketry:guidanceComputer"}},{"item":{"id":"advancedrocketry:fuelingStation"}},{"item":{"id":"libvulpes:linker"},"precision":"NBT_FUZZY"},{"item":{"id":"advancedrocketry:rocketmotor"},"required":4},{"item":{"id":"advancedrocketry:fuelTank"},"required":10}]}],"reward":[{"id":"nethermetals:nether_titanium_ore","amount":4}],"rewardchoice":[{"id":"arsmagica2:item_ore","damage":3,"amount":4},{"id":"ic2:misc_resource","damage":1}],"commandrewards":[]},{"uuid":"1d0d99a0-9133-4c3f-97a6-2f7660123069","name":"More human than human","description":"Bringing the full technological advancements at your disposal to bear on your own mortality, you have created a method of replacing parts of yourself with cybernetic improvements. ","x":98,"y":90,"icon":{"id":"cyberware:surgery"},"prerequisites":["c6ae2fca-f4d4-4749-83bc-e1211bc3dfd0"],"tasks":[{"type":"CRAFT","items":[{"item":{"id":"cyberware:surgery"}}]}],"reward":[{"id":"cyberware:surgeryChamber"}],"commandrewards":[]},{"uuid":"4e970de8-7df4-4708-b5cb-51120d39b26e","name":"Infusing Metals","description":"R\u0026D has lead you to the development of an idea to infuse metals with energetic materials. By constructing an energetic infuser you believe you may be able to impart some qualities of carbon, redstone, diamond and perhaps others into metals directly.","x":54,"y":15,"icon":{"id":"mekanism:MachineBlock","damage":8},"prerequisites":["c6ae2fca-f4d4-4749-83bc-e1211bc3dfd0"],"tasks":[{"type":"DETECT","items":[{"item":{"id":"mekanism:MachineBlock","damage":8},"precision":"NBT_FUZZY"}]}],"reward":[{"id":"mekanism:CompressedCarbon","amount":8},{"id":"mekanism:CompressedRedstone","amount":4},{"id":"mekanism:CompressedDiamond","amount":2}],"commandrewards":[]}],"reputationBar":[]}