{"name":"RotaryCraft","quests":[{"uuid":"e3ef90ff-97b5-4fca-b578-6d9b073c5386","name":"OH No!","description":"There doesn\u0027t appear to be anything here. Perhaps the princess is in another castle.  Congratulations, You\u0027ve beaten the pack. I Hope you\u0027re proud of yourself. We\u0027re certainly not. Just Kidding. Probably.","x":41,"y":59,"icon":{"id":"advancedrocketry:productgear"},"prerequisites":["4d8057a9-6a86-4651-a906-3ff53b67cf85","1a1aa5b8-5403-42e6-b207-749226e65863","f51119f7-3aa9-4462-8b5e-2da42a192f3e","715b3bc6-fb1a-4192-b24b-3651e768b06c","3d2032dd-7196-43ec-a75d-e268c7db730a","d68d9afb-6547-4014-a839-a33b62f0bc5f","3806a724-611a-4007-b170-6a6c533a99bc","836f89d0-c300-4be6-b41e-9f8a57f38863","62829472-f685-4072-9eb4-ef012720e3a1"],"tasks":[{"type":"DETECT","items":[{"item":{"id":"minecraft:clay_ball"}}]}],"reward":[{"id":"thermalexpansion:upgrade","damage":256},{"id":"minecraft:cake"}],"rewardchoice":[{"id":"quark:reed_block_stairs","amount":8},{"id":"botania:floatingSpecialFlower","nbt":"{type:\"clayconia\"}"},{"id":"quark:pirate_hat"},{"id":"minecraft:ladder","amount":32}],"commandrewards":[]}],"reputationBar":[]}