{"name":"Runes, Rites and Rituals","quests":[{"uuid":"cb8bed7c-4e41-42cf-a07f-397976abe195","name":"Cheating with magic.","description":"Utilizing all you\u0027ve mastered thus far you believe it possible to duplicate the essence of some materials with pure magic. The conjuration catalyst should allow you to double many items using mana. ","x":213,"y":49,"icon":{"id":"botania:conjurationCatalyst"},"prerequisites":["36e15635-7eeb-4552-a123-d957f19bbddd"],"tasks":[{"type":"DETECT","items":[{"item":{"id":"botania:conjurationCatalyst"}}]}],"reward":[{"id":"botania:rune","damage":8,"amount":4}],"rewardchoice":[{"id":"botania:floatingSpecialFlower","nbt":"{type:\"dandelifeon\"}"},{"id":"botania:floatingSpecialFlower","nbt":"{type:\"arcanerose\"}"},{"id":"botania:floatingSpecialFlower","nbt":"{type:\"spectrolus\"}"}],"commandrewards":[]},{"uuid":"a57cb4e5-c05f-4069-894f-1a307bc484d0","name":"Dark Matter!","description":"Transmutations of untold energy densities have uncovered a completely new form of condensed matter. Dark matter opens up so many new possibilities for you...","x":133,"y":132,"icon":{"id":"projecte:item.pe_matter"},"prerequisites":["16333efb-b264-4d64-83fe-751fa672367b"],"tasks":[{"type":"DETECT","items":[{"item":{"id":"projecte:item.pe_matter"}}]}],"reward":[{"id":"projecte:condenser_mk1"}],"commandrewards":[]},{"uuid":"551657ff-77cb-46ad-9d5f-b61773d24ab8","name":"Gemmed Out","description":"Create Darkmatter Boots","x":158,"y":132,"icon":{"id":"projecte:item.pe_dm_armor_0"},"prerequisites":["a57cb4e5-c05f-4069-894f-1a307bc484d0"],"tasks":[{"type":"DETECT","items":[{"item":{"id":"projecte:item.pe_dm_armor_0"}}]}],"reward":[{"id":"projecte:item.pe_matter"}],"commandrewards":[]},{"uuid":"e2ec92a8-b553-4463-a302-e8b2a2b5416d","name":"Gemmed out Part 3","description":"Create a darkmatter Chestplate.","x":121,"y":154,"icon":{"id":"projecte:item.pe_dm_armor_2"},"prerequisites":["a57cb4e5-c05f-4069-894f-1a307bc484d0"],"tasks":[{"type":"DETECT","items":[{"item":{"id":"projecte:item.pe_dm_armor_2"}}]}],"reward":[{"id":"projecte:item.pe_matter"}],"commandrewards":[]},{"uuid":"bff3b81a-a0a1-4a19-b045-d1d95edd4597","name":"Terra Steel!","description":"By focusing tremendous amounts of mana into mana steel, along with mana infused ender pearls and diamonds you have found a way to make a metal even more deeply infused with mana. This new Terra Steel should be able to withstand the combined stresses of sustaining a gateway to alfheim itself.","x":117,"y":40,"icon":{"id":"botania:manaResource","damage":4},"prerequisites":["77e993e3-59d8-44f9-9f84-c04ea22a207a"],"tasks":[{"type":"DETECT","items":[{"item":{"id":"botania:manaResource","damage":4},"required":3},{"item":{"id":"botania:terraPlate"}}]}],"reward":[{"id":"botania:manaResource","damage":4}],"rewardchoice":[{"id":"tconstruct:sword_blade","nbt":"{Material:\"terrasteel\"}"},{"id":"tconstruct:large_sword_blade","nbt":"{Material:\"terrasteel\"}"},{"id":"tconstruct:knife_blade","nbt":"{Material:\"terrasteel\"}"}],"commandrewards":[]},{"uuid":"8962036c-d7f5-4ff5-878f-57149431afbb","name":"Gemmed out Part 4","description":"Create the Final piece, Dark Matter boots.","x":146,"y":154,"icon":{"id":"projecte:item.pe_dm_armor_1"},"prerequisites":["a57cb4e5-c05f-4069-894f-1a307bc484d0"],"tasks":[{"type":"DETECT","items":[{"item":{"id":"projecte:item.pe_dm_armor_1"}}]}],"reward":[{"id":"projecte:item.pe_matter"}],"rewardchoice":[{"id":"projecte:dm_pedestal"},{"id":"projecte:collector_mk1"}],"commandrewards":[]},{"uuid":"16333efb-b264-4d64-83fe-751fa672367b","name":"Ultimate Alchemy","description":"The ultimate breakthrough! You\u0027ve found a way to transmute almost any form of material into another form of matter. Lead to Gold? Child\u0027s play, you weave diamonds from dirt!","x":202,"y":117,"icon":{"id":"projecte:transmutation_table"},"prerequisites":["cb8bed7c-4e41-42cf-a07f-397976abe195"],"tasks":[{"type":"DETECT","items":[{"item":{"id":"projecte:transmutation_table"},"precision":"NBT_FUZZY"}]}],"reward":[{"id":"projecte:collector_mk1"}],"rewardchoice":[{"id":"arsmagica2:infinity_orb","amount":5},{"id":"arsmagica2:infinity_orb","damage":1,"amount":2},{"id":"arsmagica2:infinity_orb","damage":2}],"commandrewards":[]},{"uuid":"63c259c1-2636-41d5-a6db-3a9e40773a70","name":"Star Metal","description":"Your studies have come to a dead end. You cannot seem to find any further way to progress your arcane knowledge on earth. Turning your sights to the skies, or more accurately, to the stars, you realize you may be able to harness the power of starmetal by delving into Astral sorcery.","x":42,"y":43,"icon":{"id":"astralsorcery:ItemCraftingComponent","damage":1},"prerequisites":["649fe245-b4ce-4733-a134-d74c2ce001c4"],"tasks":[{"type":"DETECT","items":[{"item":{"id":"astralsorcery:ItemCraftingComponent","damage":1},"required":3}]}],"reward":[{"id":"astralsorcery:ItemCraftingComponent","damage":4,"amount":2}],"rewardchoice":[{"id":"botania:rune"},{"id":"botania:rune","damage":1},{"id":"botania:rune","damage":2},{"id":"botania:rune","damage":3}],"commandrewards":[]},{"uuid":"cabfa14d-2e75-4bde-88d9-0c590c7672db","name":"Demon Metal","description":"Legend tells of a metal infused with pure evil and the magic of the Nether. In the nether there exists natural wells of lava surrounded by nether bricks inside fortresses. Perhaps throwing a rare metal ingot into one of these may forge the malevolence into a new material.","x":62,"y":72,"icon":{"id":"extrautils2:ingredients","damage":11},"prerequisites":["328b6111-ccd3-4a2d-86b2-6f9be17eda75"],"tasks":[{"type":"DETECT","items":[{"item":{"id":"extrautils2:ingredients","damage":11},"required":4}]}],"reward":[{"id":"minecraft:nether_wart","amount":4}],"rewardchoice":[{"id":"harvestcraft:spicymustardporkItem","amount":3},{"id":"harvestcraft:porksausageItem","amount":3}],"commandrewards":[]},{"uuid":"77e993e3-59d8-44f9-9f84-c04ea22a207a","name":"Runes of Elven Power","description":"By using the starmetal as an altar base you are able to create a suitable platform to infuse mana directly into the inscribed elven runes etched into living rock. These will be useful in stabilizing future magical research. ","x":77,"y":22,"icon":{"id":"botania:runeAltar"},"prerequisites":["63c259c1-2636-41d5-a6db-3a9e40773a70"],"tasks":[{"type":"DETECT","items":[{"item":{"id":"botania:rune","damage":8},"required":2},{"item":{"id":"botania:runeAltar"}}]}],"reward":[{"id":"botania:lens","damage":2},{"id":"botania:lens","damage":1},{"id":"minecraft:slime_ball"}],"rewardchoice":[{"id":"arsmagica2:mana_martini","amount":2},{"id":"arsmagica2:greater_mana_potion"},{"id":"minecraft:splash_potion","nbt":"{Potion:\"extrautils2:xu2.gravity\"}"}],"commandrewards":[]},{"uuid":"36e15635-7eeb-4552-a123-d957f19bbddd","name":"Portal to another world","description":"The lexica botania speaks of the Alfheim, a magical world inhabited by elves. Create an elven gateway so you can barter for their magics. ","x":173,"y":48,"icon":{"id":"botania:pylon","damage":1},"prerequisites":["143f202e-f2b6-443e-a036-509c2971c671"],"tasks":[{"type":"DETECT","items":[{"item":{"id":"botania:pylon","damage":1},"required":2},{"item":{"id":"botania:pool"},"required":2},{"item":{"id":"botania:alfheimPortal"}},{"item":{"id":"botania:manaResource","damage":7},"required":4}]}],"reward":[{"id":"botania:manaResource","damage":9,"amount":2},{"id":"botania:manaResource","damage":8,"amount":2},{"id":"botania:dreamwood","amount":4}],"rewardchoice":[{"id":"bloodmagic:BlockBloodRune","damage":7,"amount":2},{"id":"bloodmagic:BlockBloodRune","damage":8,"amount":2},{"id":"bloodmagic:BlockDemonCrystal","damage":2}],"commandrewards":[]},{"uuid":"649fe245-b4ce-4733-a134-d74c2ce001c4","name":"Blood for the Blood God","description":"Using the new biotite you\u0027ve found a way to warp the spirits of the otherworld into raw will which you infuse with blood. The resulting discovery opens a completely new branch of magical research for you to exploit.","x":18,"y":17,"icon":{"id":"bloodmagic:BlockAltar"},"prerequisites":["c790c6dd-57e5-42b1-a75a-9ed98ca6d58c"],"tasks":[{"type":"DETECT","items":[{"item":{"id":"bloodmagic:BlockAltar"}},{"item":{"id":"bloodmagic:ItemSacrificialDagger"},"precision":"FUZZY"}]}],"reward":[{"id":"bloodmagic:ItemSlate","amount":4}],"commandrewards":[]},{"uuid":"214eaacb-ca47-48f5-8383-231038936112","name":"Infernal Alchemy","description":"Transmutation utilizing the life essence of your slain victims seems tricky. Most experentation left you with a mess. You finally devised a table to work on that can allow reagent to be made. Construct an Alchemy Table.","x":94,"y":90,"icon":{"id":"bloodmagic:BlockAlchemyTable"},"prerequisites":["77e993e3-59d8-44f9-9f84-c04ea22a207a","cabfa14d-2e75-4bde-88d9-0c590c7672db"],"tasks":[{"type":"DETECT","items":[{"item":{"id":"bloodmagic:BlockAlchemyTable"}}]}],"reward":[{"id":"bloodmagic:ItemComponent"},{"id":"bloodmagic:ItemComponent","damage":1}],"rewardchoice":[{"id":"bloodmagic:ItemSlate","amount":4},{"id":"arsmagica2:blank_rune","amount":4}],"commandrewards":[]},{"uuid":"6c502168-ed37-48ca-bc9c-ec0fc351f6c4","name":"On the wings of an Angel","description":"Pure creative flight!","x":252,"y":48,"icon":{"id":"extrautils2:angelring"},"prerequisites":["cb8bed7c-4e41-42cf-a07f-397976abe195"],"tasks":[{"type":"DETECT","items":[{"item":{"id":"extrautils2:angelring"},"precision":"FUZZY"}]}],"reward":[{"id":"extrautils2:passivegenerator","damage":3,"amount":4}],"rewardchoice":[{"id":"harvestcraft:heartybreakfastItem","amount":3},{"id":"harvestcraft:delightedmealItem","amount":3},{"id":"harvestcraft:extremechiliItem","amount":3}],"commandrewards":[]},{"uuid":"143f202e-f2b6-443e-a036-509c2971c671","name":"Mana Alchemy","description":"After the messy business of life experimentation you\u0027ve come up with a more elegant solution. By utilizing the magical nature of mana you can transmute items into other more useful items. Construct an alchemy catalyst to place under a mana pool which will alter it\u0027s operations.","x":129,"y":73,"icon":{"id":"botania:alchemyCatalyst"},"prerequisites":["214eaacb-ca47-48f5-8383-231038936112","bff3b81a-a0a1-4a19-b045-d1d95edd4597"],"tasks":[{"type":"DETECT","items":[{"item":{"id":"botania:alchemyCatalyst"}}]}],"reward":[{"id":"botania:storage"},{"id":"botania:quartzTypeSunny","amount":2}],"commandrewards":[]},{"uuid":"6512e46c-3760-4ffb-ae50-02316df2961c","name":"Gemmed Out Part 2","description":"Create a dark matter helmet","x":108,"y":132,"icon":{"id":"projecte:item.pe_dm_armor_3"},"prerequisites":["a57cb4e5-c05f-4069-894f-1a307bc484d0"],"tasks":[{"type":"DETECT","items":[{"item":{"id":"projecte:item.pe_dm_armor_3"}}]}],"reward":[{"id":"projecte:item.pe_matter"}],"commandrewards":[]},{"uuid":"aba766be-fbb0-4884-b227-5374e20f3408","name":"Bending Time to your will","description":"Using the tremendous potential bound within dark matter you\u0027ve found a way to alter time itself.","x":134,"y":176,"icon":{"id":"projecte:item.pe_time_watch"},"prerequisites":["e2ec92a8-b553-4463-a302-e8b2a2b5416d","8962036c-d7f5-4ff5-878f-57149431afbb","551657ff-77cb-46ad-9d5f-b61773d24ab8","6512e46c-3760-4ffb-ae50-02316df2961c"],"tasks":[{"type":"DETECT","items":[{"item":{"id":"projecte:item.pe_time_watch"},"precision":"NBT_FUZZY"}]}],"reward":[{"id":"projecte:item.pe_matter","damage":1}],"commandrewards":[]},{"uuid":"328b6111-ccd3-4a2d-86b2-6f9be17eda75","name":"Forged in the fires of hell","description":"After learning to harvest the life essence of living things you\u0027ve determined it may also be possible to use demonic will to the same end. Construct a hellfire forge to empower your magic with raw demon will. ","x":19,"y":80,"icon":{"id":"bloodmagic:BlockSoulForge"},"prerequisites":["649fe245-b4ce-4733-a134-d74c2ce001c4"],"tasks":[{"type":"DETECT","items":[{"item":{"id":"bloodmagic:BlockSoulForge"}}]}],"reward":[{"id":"bloodmagic:ItemSlate","amount":2}],"rewardchoice":[{"id":"bloodmagic:ItemSoulSnare","amount":4},{"id":"enderio:itemEnderFood"}],"commandrewards":[]}],"reputationBar":[]}