{"name":"Sticks and Stones","quests":[{"uuid":"29a239cf-698b-4915-aa02-5ccf686ad1f9","name":"Blast Furnace","description":"Now that you have the coke dust its time to bring it all together in the construction of a Blast furnace. ","x":181,"y":18,"icon":{"id":"immersiveengineering:metal","damage":8},"prerequisites":["53d15673-ff28-4136-b1d2-48005ff34abc"],"tasks":[{"type":"DETECT","items":[{"item":{"id":"immersiveengineering:stoneDecoration","damage":1},"required":28},{"item":{"id":"immersiveengineering:metal","damage":8},"required":3,"precision":"ORE_DICTIONARY"}]}],"reward":[{"id":"mekanism:BasicBlock","damage":5}],"commandrewards":[]},{"uuid":"94371dee-2ddf-4a50-86c9-7a6795106887","name":"Embers of New Power","description":"Deep within the earth an intangible energy permeates the bedrock. Construct something to harness this energy.","x":174,"y":179,"icon":{"id":"embers:crystalEmber"},"prerequisites":["1a3990e9-a304-48be-93bb-74a4ee6d6da5"],"tasks":[{"type":"CONSUME","items":[{"item":{"id":"embers:crystalEmber"},"required":4}]},{"type":"DETECT","items":[{"item":{"id":"embers:emberBore"}},{"item":{"id":"embers:mechCore"}},{"item":{"id":"embers:emberActivator"}}]}],"reward":[{"id":"embers:mechCore","amount":2}],"rewardchoice":[{"id":"embers:shardEmber","amount":10},{"id":"deepresonance:resonating_ore","amount":8}],"commandrewards":[]},{"uuid":"127aaa04-ca49-4b01-8aa6-a91b1c3cbca9","name":"Bucketing 101!","description":"Buckets with all sorts of liquids. Will you be the bucket master?","x":46,"y":16,"icon":{"id":"minecraft:bucket"},"prerequisites":["7a7fcd22-0431-45f0-b845-490ceb2f4e55"],"tasks":[{"type":"DETECT","items":[{"item":{"id":"minecraft:milk_bucket"}},{"item":{"id":"minecraft:lava_bucket"}},{"item":{"id":"minecraft:water_bucket"}},{"item":{"id":"minecraft:bucket"}}]}],"reward":[{"id":"forge:bucketFilled","nbt":"{FluidName:\"liquid_sunshine\",Amount:1000}"}],"rewardchoice":[{"id":"forge:bucketFilled","nbt":"{FluidName:\"iron\",Amount:1000}"},{"id":"forge:bucketFilled","nbt":"{FluidName:\"blood\",Amount:1000}"}],"commandrewards":[]},{"uuid":"65851ebd-cc0d-4be3-a6ec-7092a549835a","name":"Plates and Wires and Things","description":"The metal former from IC2 is a versitile machine that can create wires, or plates, much cheaper than doing it manually. It\u0027s slow at first so be sure to invest in overclockers later!","x":119,"y":76,"icon":{"id":"ic2:te","damage":55},"prerequisites":["31af5ad8-a18a-4d3c-9266-f3f696a8725d"],"tasks":[{"type":"DETECT","items":[{"item":{"id":"ic2:te","damage":55}}]}],"reward":[{"id":"ic2:plate","damage":3,"amount":4}],"rewardchoice":[{"id":"ic2:crafting","damage":1,"amount":2},{"id":"ic2:resource","damage":12}],"commandrewards":[]},{"uuid":"a4d41b95-48be-4b4b-888a-137bcbb0c642","name":"Reinforced Stone","description":"Placing Cf powder into a block of water seems to make some strange fluid... perhaps you should craft some iron scaffolding to spray it on...","x":18,"y":93,"icon":{"id":"ic2:resource","damage":11},"prerequisites":["7a3a5671-a056-4e94-9b64-5a1cbe8084b2"],"tasks":[{"type":"DETECT","items":[{"item":{"id":"ic2:resource","damage":11}}]}],"reward":[{"id":"ic2:resource","damage":11,"amount":4}],"commandrewards":[]},{"uuid":"acae8527-b567-4d58-9549-365e127d2881","name":"Hammering out the Details","description":"Now that you\u0027ve got some creosote, make an engineer\u0027s hammer. This will allow you to make plates and dusts, at a moderate efficieny loss compared to machines of course.","x":97,"y":35,"icon":{"id":"immersiveengineering:tool"},"prerequisites":["5b120ac4-16c8-4a42-aa86-3845d76f4bfd"],"tasks":[{"type":"DETECT","items":[{"item":{"id":"immersiveengineering:tool"},"precision":"NBT_FUZZY"},{"item":{"id":"ic2:plate","damage":3},"required":5,"precision":"ORE_DICTIONARY"}]}],"reward":[{"id":"extrautils2:ingredients","damage":1}],"rewardchoice":[{"id":"harvestcraft:peanutseedItem"},{"id":"harvestcraft:soybeanseedItem"},{"id":"harvestcraft:eggplantseedItem"}],"commandrewards":[]},{"uuid":"70a5ff29-b19d-4ee8-9310-51c916e06fea","name":"Thermionics","description":"Electron tubes are a key ingredient in some of the machinery you\u0027ll soon be working with. Build a thermionic fabricator to facilitate this.","x":183,"y":137,"icon":{"id":"forestry:fabricator"},"prerequisites":["4f10c3d9-ae40-4a75-b54a-21368e438497"],"tasks":[{"type":"DETECT","items":[{"item":{"id":"forestry:fabricator"}}]}],"reward":[{"id":"forestry:thermionicTubes","damage":5}],"commandrewards":[]},{"uuid":"31af5ad8-a18a-4d3c-9266-f3f696a8725d","name":"Powering the Future","description":"A basic ic2 coal generator should be enough to get you started. ","x":83,"y":76,"icon":{"id":"ic2:te","damage":3},"prerequisites":["5b120ac4-16c8-4a42-aa86-3845d76f4bfd","a4d41b95-48be-4b4b-888a-137bcbb0c642"],"tasks":[{"type":"DETECT","items":[{"item":{"id":"ic2:te","damage":3}}]}],"reward":[{"id":"ic2:cable","amount":8,"nbt":"{type:0b,insulation:1b}"}],"rewardchoice":[{"id":"actuallyadditions:blockMisc","damage":5,"amount":3},{"id":"harvestcraft:pizzaItem","amount":4}],"commandrewards":[]},{"uuid":"53d15673-ff28-4136-b1d2-48005ff34abc","name":"Coke Oven","description":"In order to fortify iron into something a bit more durable you\u0027ll first need a better source of carbon. Construct a coke oven.","x":134,"y":20,"icon":{"id":"immersiveengineering:material","damage":6},"prerequisites":["acae8527-b567-4d58-9549-365e127d2881"],"tasks":[{"type":"DETECT","items":[{"item":{"id":"immersiveengineering:stoneDecoration"},"required":28},{"item":{"id":"immersiveengineering:stoneDecoration","damage":3},"precision":"ORE_DICTIONARY"}]}],"reward":[{"id":"immersiveengineering:material","damage":6,"amount":16}],"commandrewards":[]},{"uuid":"cebbcec1-8835-4cdf-8457-8e76e39619f5","name":"Atomic Reconstructor","description":"Advancing your understand of energy and their systems has led you to a revolutionary breakthrough. The atomic reconstructor can take mundane items and transform them into a completely new type of matter.","x":257,"y":138,"icon":{"id":"actuallyadditions:blockAtomicReconstructor"},"prerequisites":["42a488b2-5e1c-4924-8542-61f7b56f8916","27e9f05e-3147-4b9c-ad31-b3f6c95faa08","70a5ff29-b19d-4ee8-9310-51c916e06fea"],"tasks":[{"type":"DETECT","items":[{"item":{"id":"actuallyadditions:blockAtomicReconstructor"}}]}],"reward":[{"id":"actuallyadditions:itemCrystal","amount":4},{"id":"actuallyadditions:itemCrystal","damage":1,"amount":2}],"commandrewards":[]},{"uuid":"7a3a5671-a056-4e94-9b64-5a1cbe8084b2","name":"Cf Powder","description":"Sometimes you just want to use anything to build. Doesn\u0027t have to be pretty!","x":14,"y":56,"icon":{"id":"ic2:crafting","damage":25},"prerequisites":["7a7fcd22-0431-45f0-b845-490ceb2f4e55"],"tasks":[{"type":"DETECT","items":[{"item":{"id":"ic2:crafting","damage":25},"required":10},{"item":{"id":"ic2:foam_sprayer"},"precision":"FUZZY"}]}],"reward":[{"id":"ic2:painter"}],"commandrewards":[]},{"uuid":"4f10c3d9-ae40-4a75-b54a-21368e438497","name":"EU -\u003e Universal Energy!","description":"The Mekanism energy cube can convert EU to RF and RF to EU, this will act as a bridge between power systems. Keep in mind the Mek energy cube starts at a t2 power source and goes up with higher tier mek cubes. You\u0027ll need a transformer for t1 EU Machines.","x":119,"y":107,"icon":{"id":"mekanism:EnergyCube","nbt":"{tier:0,mekData:{energyStored:2000000.0d}}"},"prerequisites":["31af5ad8-a18a-4d3c-9266-f3f696a8725d"],"tasks":[{"type":"DETECT","items":[{"item":{"id":"mekanism:EnergyCube","nbt":"{tier:0,mekData:{}}"},"precision":"FUZZY"},{"item":{"id":"ic2:te","damage":77},"precision":"NBT_FUZZY"}]}],"reward":[{"id":"enderio:itemPowerConduit","amount":8}],"commandrewards":[]},{"uuid":"42a488b2-5e1c-4924-8542-61f7b56f8916","name":"Resonator","description":"The resonator seems to be able to inject a redstone frequency that resonates with the void into materials to produce a range of useful items. ","x":208,"y":75,"icon":{"id":"extrautils2:resonator"},"prerequisites":["1a3990e9-a304-48be-93bb-74a4ee6d6da5","53d15673-ff28-4136-b1d2-48005ff34abc"],"tasks":[{"type":"DETECT","items":[{"item":{"id":"extrautils2:resonator"}},{"item":{"id":"extrautils2:passivegenerator"},"required":3}]}],"reward":[{"id":"extrautils2:ingredients","damage":9,"amount":2},{"id":"extrautils2:ingredients","damage":3,"amount":3}],"commandrewards":[]},{"uuid":"27e9f05e-3147-4b9c-ad31-b3f6c95faa08","name":"Better than Steel","description":"Now that you\u0027ve extracted the titanium you\u0027ll need to take it back to the blast furnace.","x":275,"y":36,"icon":{"id":"libvulpes:productingot","damage":7},"prerequisites":["e4273e8e-9f77-496c-a471-da89dba1fada"],"tasks":[{"type":"DETECT","items":[{"item":{"id":"libvulpes:productingot","damage":7},"required":8}]}],"reward":[{"id":"libvulpes:productplate","damage":7,"amount":4}],"commandrewards":[]},{"uuid":"7a7fcd22-0431-45f0-b845-490ceb2f4e55","name":"So begins the Grind","description":"Construct a Grindstone from Applied Energistics 2 to turn ore into dust for smelting.","x":20,"y":21,"icon":{"id":"appliedenergistics2:grindstone"},"tasks":[{"type":"DETECT","items":[{"item":{"id":"mekanism:Dust"},"required":3,"precision":"ORE_DICTIONARY"}]}],"reward":[{"id":"harvestcraft:onionhamburgerItem","amount":3}],"commandrewards":[]},{"uuid":"55ca665a-53cc-4bbf-b3eb-d259ab578fbd","name":"A story about Hank","description":"A long time ago there was a man named Hank. Hank liked to setup quarries in the overworld. One day Hank wasn\u0027t paying attention and quarried someones base. Hank got banned. Don\u0027t be hank. Quarry responsibly","x":39,"y":61,"icon":{"id":"aroma1997sdimension:portalIgniter"},"prerequisites":["7a7fcd22-0431-45f0-b845-490ceb2f4e55"],"tasks":[{"type":"DETECT","items":[{"item":{"id":"aroma1997sdimension:portalFrame"},"required":10},{"item":{"id":"aroma1997sdimension:portalIgniter"},"precision":"FUZZY"}]}],"reward":[{"id":"minecraft:iron_ore","amount":5},{"id":"minecraft:gold_ore","amount":5}],"rewardchoice":[{"id":"minecraft:diamond_ore"},{"id":"minecraft:emerald_ore"}],"commandrewards":[]},{"uuid":"6272d8e4-b4bd-4fe2-b1cd-d3a218a89f2e","name":"Macerating Ores","description":"By macerating ores you can increase the yield each ore will provide. ","x":33,"y":120,"icon":{"id":"ic2:te","damage":47},"prerequisites":["31af5ad8-a18a-4d3c-9266-f3f696a8725d"],"tasks":[{"type":"DETECT","items":[{"item":{"id":"ic2:te","damage":47}}]}],"reward":[{"id":"ic2:crushed","amount":4},{"id":"ic2:crushed","damage":1,"amount":4},{"id":"ic2:crushed","damage":2,"amount":4}],"commandrewards":[]},{"uuid":"15e7feaf-48aa-409f-b620-d3a0a26b0360","name":"Forging better tools","description":"A Tinker\u0027s toolforge should now be within your reach. Hammer Time!","x":156,"y":54,"icon":{"id":"tconstruct:toolforge","nbt":"{textureBlock:{id:\"minecraft:iron_block\",Count:1b,Damage:0s}}"},"prerequisites":["1a3990e9-a304-48be-93bb-74a4ee6d6da5","29a239cf-698b-4915-aa02-5ccf686ad1f9"],"tasks":[{"type":"DETECT","items":[{"item":{"id":"tconstruct:toolforge","nbt":"{textureBlock:{id:\"minecraft:iron_block\",Count:1b,Damage:0s}}"}}]}],"reward":[{"id":"tconstruct:ingots","damage":5,"amount":2}],"rewardchoice":[{"id":"tconstruct:materials","damage":19},{"id":"tconstruct:materials","damage":14}],"commandrewards":[]},{"uuid":"5b120ac4-16c8-4a42-aa86-3845d76f4bfd","name":"Keep on Squeezing","description":"Using a forestry squeezer should allow you to make enough seed oil to inefficiently produce some creosote for an engineering or IC2 Hammer to make plates.","x":66,"y":51,"icon":{"id":"forestry:squeezer"},"prerequisites":["127aaa04-ca49-4b01-8aa6-a91b1c3cbca9"],"tasks":[{"type":"DETECT","items":[{"item":{"id":"forestry:squeezer"}},{"item":{"id":"forestry:engine_clockwork"}}]}],"reward":[{"id":"forestry:apiaristBag"},{"id":"forestry:scoop"}],"rewardchoice":[{"id":"forestry:beehives","damage":3},{"id":"forestry:beehives","damage":2},{"id":"forestry:beehives","damage":1},{"id":"forestry:beehives"}],"commandrewards":[]},{"uuid":"1a3990e9-a304-48be-93bb-74a4ee6d6da5","name":"Tinkers Tonstruct","description":"Now\u0027s a good time to construct a Smeltery!","x":126,"y":139,"icon":{"id":"tconstruct:smeltery_controller"},"prerequisites":["6edb3ede-198a-4684-a365-20f47c0787d3"],"tasks":[{"type":"DETECT","items":[{"item":{"id":"tconstruct:seared","damage":3},"required":10},{"item":{"id":"tconstruct:cast_custom"}},{"item":{"id":"tconstruct:smeltery_controller"}},{"item":{"id":"tconstruct:seared_tank"}},{"item":{"id":"tconstruct:casting"}}]}],"reward":[{"id":"tconstruct:cast","nbt":"{PartType:\"tconstruct:pick_head\"}"},{"id":"tconstruct:sharpening_kit","nbt":"{Material:\"paper\"}"}],"rewardchoice":[{"id":"tconstruct:pick_head","nbt":"{Material:\"bronze\"}"},{"id":"tconstruct:tool_rod","nbt":"{Material:\"titanium\"}"}],"commandrewards":[]},{"uuid":"e4273e8e-9f77-496c-a471-da89dba1fada","name":"The Byproducts of Progress","description":"As strong as steel is, you have found trace amounts of something even strong within aluminum deposits. Construct a crusher to break the ore down and extract titanium byproducts.","x":238,"y":19,"icon":{"id":"immersiveengineering:metal","damage":16},"prerequisites":["29a239cf-698b-4915-aa02-5ccf686ad1f9"],"tasks":[{"type":"DETECT","items":[{"item":{"id":"immersiveengineering:metalDecoration1","damage":1},"required":10},{"item":{"id":"immersiveengineering:metalDecoration0","damage":4},"required":10},{"item":{"id":"minecraft:hopper"},"required":9},{"item":{"id":"immersiveengineering:metalDecoration1"},"required":8},{"item":{"id":"immersiveengineering:metalDecoration0","damage":3}}]}],"reward":[{"id":"immersiveengineering:ore","damage":1,"amount":16}],"commandrewards":[]},{"uuid":"6edb3ede-198a-4684-a365-20f47c0787d3","name":"Compressors","description":"Turning base items into blocks requires quite a bit more pressure than you can muster on your own. A compressor will aid in this.","x":63,"y":129,"icon":{"id":"ic2:te","damage":43},"prerequisites":["31af5ad8-a18a-4d3c-9266-f3f696a8725d"],"tasks":[{"type":"DETECT","items":[{"item":{"id":"ic2:te","damage":43}},{"item":{"id":"ic2:crafting","damage":15},"required":2}]}],"reward":[{"id":"minecraft:redstone_block"}],"rewardchoice":[{"id":"ic2:crafting","damage":15,"amount":2},{"id":"ic2:crafting","damage":3,"amount":2}],"commandrewards":[]}],"reputationBar":[]}