{
  "output": "sb",
  "width": 3,
  "height": 3,
  "row1": [
    {
      "isBlock": true,
      "name": "minecraft:glass",
      "metadata": 32767
    },
    null,
    {
      "isBlock": true,
      "name": "minecraft:glass",
      "metadata": 32767
    }
  ],
  "row2": [
    {
      "isBlock": true,
      "name": "minecraft:glass",
      "metadata": 32767
    },
    {
      "isBlock": true,
      "name": "minecraft:glass",
      "metadata": 32767
    },
    {
      "isBlock": true,
      "name": "minecraft:glass",
      "metadata": 32767
    }
  ],
  "row3": [
    {
      "isBlock": true,
      "name": "minecraft:glass",
      "metadata": 32767
    },
    {
      "isBlock": true,
      "name": "minecraft:glass",
      "metadata": 32767
    },
    {
      "isBlock": true,
      "name": "minecraft:glass",
      "metadata": 32767
    }
  ]
}