<!--
  Custom recipes that will not be over written by Ender IO are added here. Examples of recipes can be found in the
  AlloySmelterRecipes_Core.xml and general format documentation in the SAGMillRecipes_Core/User.

  As well as adding custom recipes to the operation of the Alloy Smelter, a vanilla furnace recipe can be controlled.
  It can be disabled completely by simply adding this line:

  <vanillaFurnaceRecipes enabled="false" />

  It is also possible to selectively disable vanilla furnace recipes. The following example disables the smelting of iron
  ingots, ender pearls, and any form of iron ore registered in the ore dictionary.

  <vanillaFurnaceRecipes>

	<exclude>
      <itemStack modID="minecraft" itemName="iron_ingot" />
      <itemStack modID="minecraft" itemName="ender_pearl" />
      <itemStack oreDictionary="oreIron" />
    </exclude>

  </vanillaFurnaceRecipes>

  Add this line to disable the creation of TE alloys using the Alloy Smelter.

  <recipeGroup name="Thermal Expansion" enabled="false" />

-->

<AlloySmelterRecipes>
  <recipeGroup name="NabTweaks" >
    <recipe name="Inscriber Engineering Press" energyCost="150000" >
      <input>
        <itemStack oreDictionary="oc:materialCircuitBoardRaw" />
        <itemStack modID="ic2" itemName="crafting" itemMeta="19" />
      </input>
      <output>
        <itemStack modID="appliedenergistics2" itemName="material" itemMeta="14" number="1" exp="0.05" />
      </output>
    </recipe>
    <recipe name="Inscriber Calculation Press" energyCost="150000" >
      <input>
        <itemStack oreDictionary="oc:materialCircuitBoardRaw" />
        <itemStack modID="appliedenergistics2" itemName="quartz_block" />
      </input>
      <output>
        <itemStack modID="appliedenergistics2" itemName="material" itemMeta="13" number="1" exp="0.05" />
      </output>
    </recipe>
    <recipe name="Inscriber Logic Press" energyCost="150000" >
      <input>
        <itemStack oreDictionary="oc:materialCircuitBoardRaw" />
        <itemStack oreDictionary="cast" />
      </input>
      <output>
        <itemStack modID="appliedenergistics2" itemName="material" itemMeta="15" number="1" exp="0.05" />
      </output>
    </recipe>
    <recipe name="Inscriber Silicon Press" energyCost="150000" >
      <input>
        <itemStack oreDictionary="oc:materialCircuitBoardRaw" />
        <itemStack oreDictionary="dustSiliconDioxide" />
      </input>
      <output>
        <itemStack modID="appliedenergistics2" itemName="material" itemMeta="19" number="1" exp="0.05" />
      </output>
    </recipe>
    <recipe name="Dawnstone Ingot" energyCost="50000" >
      <input>
        <itemStack oreDictionary="dustCopper" />
        <itemStack oreDictionary="dustGold" />
      </input>
      <output>
        <itemStack modID="embers" itemName="ingotDawnstone" number="1"  exp="0.05" />
      </output>
    </recipe>
    <recipe name="Yellorium Ingots" energyCost="20000" >
      <input>
        <itemStack oreDictionary="dustYellorium" number="4" />
        <itemStack oreDictionary="dustThorium" />
      </input>
      <output>
        <itemStack modID="bigreactors" itemName="ingotmetals" number="9"  exp="0.15" />
      </output>
    </recipe>
</recipeGroup>

  <vanillaFurnaceRecipes enabled="false" />

</AlloySmelterRecipes>
