{
	"populate": {
	"endcoal": {
			"distribution": "uniform",
			"generator": {
				"block": "endmetals:end_coal_ore",
				"material": "end_stone",
				"cluster-size": 14
			},
			"cluster-count": 16,
			"min-height": 10,
			"max-height": 118,
			"retrogen": false,
			"biome": {
				"restriction": "whitelist",
				"value": [
					{
						"type": "dictionary",
						"entry": "END"
					}
				]
			},
			"dimension": "all"
		},
	"enddiamond": {
			"distribution": "uniform",
			"generator": {
				"block": "endmetals:end_diamond_ore",
				"material": "end_stone",
				"cluster-size": 2
			},
			"cluster-count": 4,
			"min-height": 10,
			"max-height": 118,
			"retrogen": false,
			"biome": {
				"restriction": "whitelist",
				"value": [
					{
						"type": "dictionary",
						"entry": "END"
					}
				]
			},
			"dimension": "all"
		},
		"endemerald": {
			"distribution": "uniform",
			"generator": {
				"block": "endmetals:end_emerald_ore",
				"material": "end_stone",
				"cluster-size": 2
			},
			"cluster-count": 3,
			"min-height": 10,
			"max-height": 118,
			"retrogen": false,
			"biome": {
				"restriction": "whitelist",
				"value": [
					{
						"type": "dictionary",
						"entry": "END"
					}
				]
			},
			"dimension": "all"
		},
		"endgold": {
			"distribution": "uniform",
			"generator": {
				"block": "endmetals:end_gold_ore",
				"material": "end_stone",
				"cluster-size": 8
			},
			"cluster-count": 6,
			"min-height": 10,
			"max-height": 118,
			"retrogen": false,
			"biome": {
				"restriction": "whitelist",
				"value": [
					{
						"type": "dictionary",
						"entry": "END"
					}
				]
			},
			"dimension": "all"
		},
		"enduranium": {
			"distribution": "uniform",
			"generator": {
				"block": "endmetals:end_uranium_ore",
				"material": "end_stone",
				"cluster-size": 6
			},
			"cluster-count": 4,
			"min-height": 10,
			"max-height": 60,
			"retrogen": false,
			"biome": {
				"restriction": "whitelist",
				"value": [
					{
						"type": "dictionary",
						"entry": "END"
					}
				]
			},
			"dimension": "all"
		},
		"endredstone": {
			"distribution": "uniform",
			"generator": {
				"block": "endmetals:end_redstone_ore",
				"material": "end_stone",
				"cluster-size": 12
			},
			"cluster-count": 4,
			"min-height": 10,
			"max-height": 118,
			"retrogen": false,
			"biome": {
				"restriction": "whitelist",
				"value": [
					{
						"type": "dictionary",
						"entry": "END"
					}
				]
			},
			"dimension": "all"
		},
		"endiron": {
			"distribution": "uniform",
			"generator": {
				"block": "endmetals:end_iron_ore",
				"material": "end_stone",
				"cluster-size": 14
			},
			"cluster-count": 2,
			"min-height": 10,
			"max-height": 118,
			"retrogen": false,
			"biome": {
				"restriction": "whitelist",
				"value": [
					{
						"type": "dictionary",
						"entry": "END"
					}
				]
			},
			"dimension": "all"
		},
		"endlapis": {
			"distribution": "uniform",
			"generator": {
				"block": "endmetals:end_lapis_ore",
				"material": "end_stone",
				"cluster-size": 10
			},
			"cluster-count": 2,
			"min-height": 10,
			"max-height": 118,
			"retrogen": false,
			"biome": {
				"restriction": "whitelist",
				"value": [
					{
						"type": "dictionary",
						"entry": "END"
					}
				]
			},
			"dimension": "all"
		},
		"endnickel": {
			"distribution": "uniform",
			"generator": {
				"block": "endmetals:end_nickel_ore",
				"material": "end_stone",
				"cluster-size": 6
			},
			"cluster-count": 6,
			"min-height": 10,
			"max-height": 118,
			"retrogen": false,
			"biome": {
				"restriction": "whitelist",
				"value": [
					{
						"type": "dictionary",
						"entry": "END"
					}
				]
			},
			"dimension": "all"
		},
		"endlead": {
			"distribution": "uniform",
			"generator": {
				"block": "endmetals:end_lead_ore",
				"material": "end_stone",
				"cluster-size": 4
			},
			"cluster-count": 9,
			"min-height": 25,
			"max-height": 80,
			"retrogen": false,
			"biome": {
				"restriction": "whitelist",
				"value": [
					{
						"type": "dictionary",
						"entry": "END"
					}
				]
			},
			"dimension": "all"
		},
		"endtin": {
			"distribution": "uniform",
			"generator": {
				"block": "endmetals:end_tin_ore",
				"material": "end_stone",
				"cluster-size": 7
			},
			"cluster-count": 4,
			"min-height": 35,
			"max-height": 100,
			"retrogen": false,
			"biome": {
				"restriction": "whitelist",
				"value": [
					{
						"type": "dictionary",
						"entry": "END"
					}
				]
			},
			"dimension": "all"
		},
		"endcopper": {
			"distribution": "uniform",
			"generator": {
				"block": "endmetals:end_copper_ore",
				"material": "end_stone",
				"cluster-size": 11
			},
			"cluster-count": 3,
			"min-height": 40,
			"max-height": 118,
			"retrogen": false,
			"biome": {
				"restriction": "whitelist",
				"value": [
					{
						"type": "dictionary",
						"entry": "END"
					}
				]
			},
			"dimension": "all"
		},
		"endplatinum": {
			"distribution": "uniform",
			"generator": {
				"block": "endmetals:end_platinum_ore",
				"material": "end_stone",
				"cluster-size": 4
			},
			"cluster-count": 3,
			"min-height": 10,
			"max-height": 70,
			"retrogen": false,
			"biome": {
				"restriction": "whitelist",
				"value": [
					{
						"type": "dictionary",
						"entry": "END"
					}
				]
			},
			"dimension": "all"
		},
		"endtitanium": {
			"distribution": "uniform",
			"generator": {
				"block": "endmetals:end_titanium_ore",
				"material": "end_stone",
				"cluster-size": 4
			},
			"cluster-count": 1,
			"min-height": 10,
			"max-height": 118,
			"retrogen": false,
			"biome": {
				"restriction": "whitelist",
				"value": [
					{
						"type": "dictionary",
						"entry": "END"
					}
				]
			},
			"dimension": "all"
		},
		"endosmium": {
			"distribution": "uniform",
			"generator": {
				"block": "endmetals:end_osmium_ore",
				"material": "end_stone",
				"cluster-size": 6
			},
			"cluster-count": 4,
			"min-height": 35,
			"max-height": 118,
			"retrogen": false,
			"biome": {
				"restriction": "whitelist",
				"value": [
					{
						"type": "dictionary",
						"entry": "END"
					}
				]
			},
			"dimension": "all"
		},
	"endzinc": {
			"distribution": "uniform",
			"generator": {
				"block": "endmetals:end_zinc_ore",
				"material": "end_stone",
				"cluster-size": 2
			},
			"cluster-count": 2,
			"min-height": 35,
			"max-height": 118,
			"retrogen": false,
			"biome": {
				"restriction": "whitelist",
				"value": [
					{
						"type": "dictionary",
						"entry": "END"
					}
				]
			},
			"dimension": "all"
		},
	"endmagnesium": {
			"distribution": "uniform",
			"generator": {
				"block": "endmetals:end_magnesium_ore",
				"material": "end_stone",
				"cluster-size": 2
			},
			"cluster-count": 2,
			"min-height": 35,
			"max-height": 118,
			"retrogen": false,
			"biome": {
				"restriction": "whitelist",
				"value": [
					{
						"type": "dictionary",
						"entry": "END"
					}
				]
			},
			"dimension": "all"
		},
		"endmanganese": {
			"distribution": "uniform",
			"generator": {
				"block": "endmetals:end_manganese_ore",
				"material": "end_stone",
				"cluster-size": 2
			},
			"cluster-count": 2,
			"min-height": 35,
			"max-height": 118,
			"retrogen": false,
			"biome": {
				"restriction": "whitelist",
				"value": [
					{
						"type": "dictionary",
						"entry": "END"
					}
				]
			},
			"dimension": "all"
		},
		"endchromium": {
			"distribution": "uniform",
			"generator": {
				"block": "endmetals:end_chromium_ore",
				"material": "end_stone",
				"cluster-size": 2
			},
			"cluster-count": 1,
			"min-height": 35,
			"max-height": 118,
			"retrogen": false,
			"biome": {
				"restriction": "whitelist",
				"value": [
					{
						"type": "dictionary",
						"entry": "END"
					}
				]
			},
			"dimension": "all"
		},
		
		"endtantalum": {
			"distribution": "uniform",
			"generator": {
				"block": "endmetals:end_tantalum_ore",
				"material": "end_stone",
				"cluster-size": 2
			},
			"cluster-count": 1,
			"min-height": 35,
			"max-height": 118,
			"retrogen": false,
			"biome": {
				"restriction": "whitelist",
				"value": [
					{
						"type": "dictionary",
						"entry": "END"
					}
				]
			},
			"dimension": "all"
		},
			"endtungsten": {
			"distribution": "uniform",
			"generator": {
				"block": "endmetals:end_tungsten_ore",
				"material": "end_stone",
				"cluster-size": 3
			},
			"cluster-count": 1,
			"min-height": 35,
			"max-height": 118,
			"retrogen": false,
			"biome": {
				"restriction": "whitelist",
				"value": [
					{
						"type": "dictionary",
						"entry": "END"
					}
				]
			},
			"dimension": "all"
		},

	"endsilver": {
			"distribution": "uniform",
			"generator": {
				"block": "endmetals:end_silver_ore",
				"material": "end_stone",
				"cluster-size": 12
			},
			"cluster-count": 2,
			"min-height": 35,
			"max-height": 118,
			"retrogen": false,
			"biome": {
				"restriction": "whitelist",
				"value": [
					{
						"type": "dictionary",
						"entry": "END"
					}
				]
			},
			"dimension": "all"
		},

		"endiridium": {
			"distribution": "uniform",
			"generator": {
				"block": "endmetals:end_iridium_ore",
				"material": "end_stone",
				"cluster-size": 2
			},
			"cluster-count": 1,
			"min-height": 10,
			"max-height": 40,
			"retrogen": false,
			"biome": {
				"restriction": "whitelist",
				"value": [
					{
						"type": "dictionary",
						"entry": "END"
					}
				]
			},
			"dimension": "all"
		}	
	}
}
