{
	"populate": {
	"nethercoal": {
			"distribution": "uniform",
			"generator": {
				"block": "nethermetals:nether_coal_ore",
				"material": "netherrack",
				"cluster-size": 14
			},
			"cluster-count": 16,
			"min-height": 10,
			"max-height": 118,
			"retrogen": false,
			"biome": {
				"restriction": "whitelist",
				"value": [
					{
						"type": "dictionary",
						"entry": "NETHER"
					}
				]
			},
			"dimension": "all"
		},
	"netherdiamond": {
			"distribution": "uniform",
			"generator": {
				"block": "nethermetals:nether_diamond_ore",
				"material": "netherrack",
				"cluster-size": 2
			},
			"cluster-count": 4,
			"min-height": 10,
			"max-height": 118,
			"retrogen": false,
			"biome": {
				"restriction": "whitelist",
				"value": [
					{
						"type": "dictionary",
						"entry": "NETHER"
					}
				]
			},
			"dimension": "all"
		},
		"netheremerald": {
			"distribution": "uniform",
			"generator": {
				"block": "nethermetals:nether_emerald_ore",
				"material": "netherrack",
				"cluster-size": 2
			},
			"cluster-count": 3,
			"min-height": 10,
			"max-height": 118,
			"retrogen": false,
			"biome": {
				"restriction": "whitelist",
				"value": [
					{
						"type": "dictionary",
						"entry": "NETHER"
					}
				]
			},
			"dimension": "all"
		},
		"nethergold": {
			"distribution": "uniform",
			"generator": {
				"block": "nethermetals:nether_gold_ore",
				"material": "netherrack",
				"cluster-size": 8
			},
			"cluster-count": 6,
			"min-height": 10,
			"max-height": 118,
			"retrogen": false,
			"biome": {
				"restriction": "whitelist",
				"value": [
					{
						"type": "dictionary",
						"entry": "NETHER"
					}
				]
			},
			"dimension": "all"
		},
		"nethruranium": {
			"distribution": "uniform",
			"generator": {
				"block": "nethermetals:nether_uranium_ore",
				"material": "netherrack",
				"cluster-size": 6
			},
			"cluster-count": 4,
			"min-height": 10,
			"max-height": 60,
			"retrogen": false,
			"biome": {
				"restriction": "whitelist",
				"value": [
					{
						"type": "dictionary",
						"entry": "NETHER"
					}
				]
			},
			"dimension": "all"
		},
		"netherredstone": {
			"distribution": "uniform",
			"generator": {
				"block": "nethermetals:nether_redstone_ore",
				"material": "netherrack",
				"cluster-size": 12
			},
			"cluster-count": 4,
			"min-height": 10,
			"max-height": 118,
			"retrogen": false,
			"biome": {
				"restriction": "whitelist",
				"value": [
					{
						"type": "dictionary",
						"entry": "NETHER"
					}
				]
			},
			"dimension": "all"
		},
		"netheriron": {
			"distribution": "uniform",
			"generator": {
				"block": "nethermetals:nether_iron_ore",
				"material": "netherrack",
				"cluster-size": 14
			},
			"cluster-count": 2,
			"min-height": 10,
			"max-height": 118,
			"retrogen": false,
			"biome": {
				"restriction": "whitelist",
				"value": [
					{
						"type": "dictionary",
						"entry": "NETHER"
					}
				]
			},
			"dimension": "all"
		},
		"netherlapis": {
			"distribution": "uniform",
			"generator": {
				"block": "nethermetals:nether_lapis_ore",
				"material": "netherrack",
				"cluster-size": 10
			},
			"cluster-count": 2,
			"min-height": 10,
			"max-height": 118,
			"retrogen": false,
			"biome": {
				"restriction": "whitelist",
				"value": [
					{
						"type": "dictionary",
						"entry": "NETHER"
					}
				]
			},
			"dimension": "all"
		},
		"nethernickel": {
			"distribution": "uniform",
			"generator": {
				"block": "nethermetals:nether_nickel_ore",
				"material": "netherrack",
				"cluster-size": 6
			},
			"cluster-count": 6,
			"min-height": 10,
			"max-height": 118,
			"retrogen": false,
			"biome": {
				"restriction": "whitelist",
				"value": [
					{
						"type": "dictionary",
						"entry": "NETHER"
					}
				]
			},
			"dimension": "all"
		},
		"netherlead": {
			"distribution": "uniform",
			"generator": {
				"block": "nethermetals:nether_lead_ore",
				"material": "netherrack",
				"cluster-size": 4
			},
			"cluster-count": 9,
			"min-height": 10,
			"max-height": 80,
			"retrogen": false,
			"biome": {
				"restriction": "whitelist",
				"value": [
					{
						"type": "dictionary",
						"entry": "NETHER"
					}
				]
			},
			"dimension": "all"
		},
		"nethertin": {
			"distribution": "uniform",
			"generator": {
				"block": "nethermetals:nether_tin_ore",
				"material": "netherrack",
				"cluster-size": 7
			},
			"cluster-count": 4,
			"min-height": 10,
			"max-height": 100,
			"retrogen": false,
			"biome": {
				"restriction": "whitelist",
				"value": [
					{
						"type": "dictionary",
						"entry": "NETHER"
					}
				]
			},
			"dimension": "all"
		},
		"nethercopper": {
			"distribution": "uniform",
			"generator": {
				"block": "nethermetals:nether_copper_ore",
				"material": "netherrack",
				"cluster-size": 11
			},
			"cluster-count": 3,
			"min-height": 40,
			"max-height": 118,
			"retrogen": false,
			"biome": {
				"restriction": "whitelist",
				"value": [
					{
						"type": "dictionary",
						"entry": "NETHER"
					}
				]
			},
			"dimension": "all"
		},
		"netherplatinum": {
			"distribution": "uniform",
			"generator": {
				"block": "nethermetals:nether_platinum_ore",
				"material": "netherrack",
				"cluster-size": 4
			},
			"cluster-count": 3,
			"min-height": 10,
			"max-height": 70,
			"retrogen": false,
			"biome": {
				"restriction": "whitelist",
				"value": [
					{
						"type": "dictionary",
						"entry": "NETHER"
					}
				]
			},
			"dimension": "all"
		},
		"nethertitanium": {
			"distribution": "uniform",
			"generator": {
				"block": "nethermetals:nether_titanium_ore",
				"material": "netherrack",
				"cluster-size": 4
			},
			"cluster-count": 1,
			"min-height": 10,
			"max-height": 118,
			"retrogen": false,
			"biome": {
				"restriction": "whitelist",
				"value": [
					{
						"type": "dictionary",
						"entry": "NETHER"
					}
				]
			},
			"dimension": "all"
		},
		"netherosmium": {
			"distribution": "uniform",
			"generator": {
				"block": "nethermetals:nether_osmium_ore",
				"material": "netherrack",
				"cluster-size": 6
			},
			"cluster-count": 4,
			"min-height": 35,
			"max-height": 118,
			"retrogen": false,
			"biome": {
				"restriction": "whitelist",
				"value": [
					{
						"type": "dictionary",
						"entry": "NETHER"
					}
				]
			},
			"dimension": "all"
		},
		"netheriridium": {
			"distribution": "uniform",
			"generator": {
				"block": "nethermetals:nether_iridium_ore",
				"material": "netherrack",
				"cluster-size": 2
			},
			"cluster-count": 1,
			"min-height": 90,
			"max-height": 118,
			"retrogen": false,
			"biome": {
				"restriction": "whitelist",
				"value": [
					{
						"type": "dictionary",
						"entry": "NETHER"
					}
				]
			},
			"dimension": "all"
		},	
		"quartz": {
			"distribution": "uniform",
			"generator": {
				"block": "quartz_ore",
				"material": "netherrack",
				"cluster-size": 14
			},
			"cluster-count": 16,
			"min-height": 10,
			"max-height": 118,
			"retrogen": false,
			"biome": {
				"restriction": "whitelist",
				"value": [
					{
						"type": "dictionary",
						"entry": "NETHER"
					}
				]
			},
			"dimension": "all"
		}
	}
}
