{
	"populate": {
		"dirt": {
			"distribution": "uniform",
			"generator": {
				"block": "dirt",
				"material": "stone",
				"cluster-size": 33
			},
			"cluster-count": 10,
			"min-height": 0,
			"max-height": 256,
			"retrogen": false,
			"biome": "all",
			"dimension": {
				"restriction": "blacklist",
				"value": [
					-1,
					1
				]
			}
		},
		"gravel": {
			"distribution": "uniform",
			"generator": {
				"block": "gravel",
				"material": "stone",
				"cluster-size": 33
			},
			"cluster-count": 8,
			"min-height": 0,
			"max-height": 256,
			"retrogen": false,
			"biome": "all",
			"dimension": {
				"restriction": "blacklist",
				"value": [
					-1,
					1
				]
			}
		},
		"granite": {
			"distribution": "uniform",
			"generator": {
				"block": {
					"name": "stone",
					"properties": {
						"variant": "granite"
					}
				},
				"material": "stone",
				"cluster-size": 33
			},
			"cluster-count": 10,
			"min-height": 0,
			"max-height": 80,
			"retrogen": false,
			"biome": "all",
			"dimension": {
				"restriction": "blacklist",
				"value": [
					-1,
					1
				]
			}
		},
		"diorite": {
			"distribution": "uniform",
			"generator": {
				"block": {
					"name": "stone",
					"properties": {
						"variant": "diorite"
					}
				},
				"material": "stone",
				"cluster-size": 33
			},
			"cluster-count": 10,
			"min-height": 0,
			"max-height": 80,
			"retrogen": false,
			"biome": "all",
			"dimension": {
				"restriction": "blacklist",
				"value": [
					-1,
					1
				]
			}
		},
		"andesite": {
			"distribution": "uniform",
			"generator": {
				"block": {
					"name": "stone",
					"properties": {
						"variant": "andesite"
					}
				},
				"material": "stone",
				"cluster-size": 33
			},
			"cluster-count": 10,
			"min-height": 0,
			"max-height": 80,
			"retrogen": false,
			"biome": "all",
			"dimension": {
				"restriction": "blacklist",
				"value": [
					-1,
					1
				]
			}
		},
		"silverfish": {
			"distribution": "uniform",
			"generator": {
				"block": {
					"name": "monster_egg",
					"properties": {
						"variant": "stone"
					}
				},
				"material": "stone",
				"cluster-size": 2
			},
			"cluster-count": 7,
			"min-height": 0,
			"max-height": 64,
			"retrogen": false,
			"biome": {
				"restriction": "whitelist",
				"value": [
					{
						"type": "id",
						"entry": [
							"extreme_hills",
							"smaller_extreme_hills",
							"extreme_hills_with_trees",
							"mutated_extreme_hills",
							"mutated_extreme_hills_with_trees"
						]
					}
				],
			},
			"dimension": {
				"restriction": "blacklist",
				"value": [
					-1,
					1
				]
			}
		},
		"coal": {
			"distribution": "uniform",
			"generator": {
				"block": "coal_ore",
				"material": "stone",
				"cluster-size": 10
			},
			"cluster-count": 10,
			"min-height": 0,
			"max-height": 128,
			"retrogen": false,
			"biome": "all",
			"dimension": {
				"restriction": "blacklist",
				"value": [
					-1,
					1
				]
			}
		},
		"gold": {
			"distribution": "uniform",
			"generator": {
				"block": "gold_ore",
				"material": "stone",
				"cluster-size": 9
			},
			"cluster-count": 3,
			"min-height": 9,
			"max-height": 21,
			"retrogen": false,
			"biome": "all",
			"dimension": {
				"restriction": "blacklist",
				"value": [
					-1,
					1
				]
			}
		},
		"redstone": {
			"distribution": "uniform",
			"generator": {
				"block": "redstone_ore",
				"material": "stone",
				"cluster-size": 7
			},
			"cluster-count": 8,
			"min-height": 7,
			"max-height": 17,
			"retrogen": false,
			"biome": "all",
			"dimension": {
				"restriction": "blacklist",
				"value": [
					-1,
					1
				]
			}
		},
		"diamond": {
			"distribution": "uniform",
			"generator": {
				"block": "diamond_ore",
				"material": "stone",
				"cluster-size": 8
			},
			"cluster-count": 1,
			"min-height": 0,
			"max-height": 16,
			"retrogen": false,
			"biome": "all",
			"dimension": {
				"restriction": "blacklist",
				"value": [
					-1,
					1
				]
			}
		},
		"emerald": {
			"distribution": "uniform",
			"generator": {
				"block": {
					"name": "emerald_ore"
				},
				"material": "stone",
				"cluster-size": 1
			},
			"cluster-count": {
				"min": 2,
				"max": 3
			},
			"min-height": 4,
			"max-height": 38,
			"retrogen": false,
			"biome": "all",
			"dimension": {
				"restriction": "blacklist",
				"value": [
					-1,
					1
				]
			}
		},
		"lapis": {
			"distribution": "uniform",
			"generator": {
				"block": "lapis_ore",
				"material": "stone",
				"cluster-size": 7
			},
			"cluster-count": 1,
			"min-height": 2,
			"max-height": 27,
			"retrogen": false,
			"biome": "all",
			"dimension": {
				"restriction": "blacklist",
				"value": [
					-1,
					1
				]
			}
		}
	}
}
